<?xml version="1.0" encoding="UTF-8" standalone="no"?>
<servico xmlns="http://servicos.gov.br/v3/schema" xmlns:xsi="http://www.w3.org/2001/XMLSchema-instance" xsi:schemaLocation="http://servicos.gov.br/v3/schema ../servico.xsd">
    <nome>Acerto de Vínculos e Remunerações pra fins Previdenciários</nome>
    <sigla/>
    <nomes-populares/>
    <descricao>Serviço que possibilita o acerto ou atualização das informações dos vínculos e remunerações constantes no Cadastro Nacional de Informações Sociais – CNIS referente ao empregado.

* [Telefone](undefined): Ligue 135 para mais informações</descricao>
    <gratuito/>
    <solicitantes/>
    <tempo-total-estimado>
        <descricao/>
    </tempo-total-estimado>
    <etapas>
        <etapa>
            <titulo/>
            <descricao/>
            <documentos>
                <default/>
            </documentos>
            <custos>
                <default/>
            </custos>
            <canais-de-prestacao>
                <default>
                    <canal-de-prestacao tipo="web">
                        <descricao>http://www2.dataprev.gov.br/prevagenda/OpcaoInicialTela.view</descricao>
                    </canal-de-prestacao>
                </default>
            </canais-de-prestacao>
        </etapa>
    </etapas>
    <orgao id="http://estruturaorganizacional.dados.gov.br/id/unidade-organizacional/1930"/>
    <segmentos-da-sociedade>
        <item>Cidadãos</item>
        <item>Empresas</item>
    </segmentos-da-sociedade>
    <areas-de-interesse>
        <item>Previdência Social</item>
    </areas-de-interesse>
    <palavras-chave>
        <item>teste 1</item>
        <item>teste 2</item>
        <item>teste 3</item>
    </palavras-chave>
    <legislacoes/>
</servico>
