<?xml version="1.0" encoding="UTF-8" standalone="no"?>
<servico xmlns="http://servicos.gov.br/v3/schema" xmlns:xsi="http://www.w3.org/2001/XMLSchema-instance" xsi:schemaLocation="http://servicos.gov.br/v3/schema ../servico.xsd">
    <nome>Acesso aos Acervos da Fundação Nacional do Índio - FUNAI</nome>
    <sigla/>
    <nomes-populares/>
    <descricao>A Fundação Nacional do Índio - FUNAI - tem como missão coordenar o processo de formulação e implementação da política indigenista do Estado brasileiro, instituindo mecanismos efetivos de controle social e de gestão participativa, visando à proteção e promoção dos direitos dos povos indígenas.

Os atendimentos oferecidos aos cidadãos pela FUNAI relativos ao acesso aos seus acervos são:

- Acesso aos acervos arquivísticos (documentais) do fundo Serviço de Proteção ao Índio - SPI e aos acervos do período Funai, via Serviço de Gestão Documental – Brasília, e Serviço de Referências Documentais do Museu do Índio – Rio de Janeiro;

- Acesso aos acervos bibliográficos sobre a temática indígena, ambiental e indigenista, no Serviço de Gestão de Bibliotecas – Brasília, e Biblioteca do Museu do Índio – Rio de Janeiro e;

- Acesso aos acervos etnográficos e audiovisuais – Serviço de Referências Documentais do Museu do Índio – Rio de Janeiro.

* [Mais informações](http://www.planalto.gov.br/ccivil_03/_Ato2011-2014/2011/Lei/L12527.htm): Lei nº 12.527/11

* [Mais informações](undefined): Para Acervos Arquivísticos (documentais): sedoc@funai.gov.br (Serviço de Gestão Documental) ou
                referencia.documental@museudoindio.gov.br (Museu do Índio)

* [Mais informações](undefined): Para Acervos Bibliograficos: sebib@funai.gov.br

* [Mais informações](undefined): Para Acervos Etnográficos e Audiovisuais : referencia.documental@museudoindio.gov.br

* [Agendamento](undefined): Para Acesso aos Acervos Etnográficos e Audiovisuais: (21)3214-8736.</descricao>
    <gratuito/>
    <solicitantes/>
    <tempo-total-estimado>
        <descricao/>
    </tempo-total-estimado>
    <etapas>
        <etapa>
            <titulo/>
            <descricao/>
            <documentos>
                <default/>
            </documentos>
            <custos>
                <default/>
            </custos>
            <canais-de-prestacao>
                <default>
                    <canal-de-prestacao tipo="web">
                        <descricao>http://base2.museudoindio.gov.br</descricao>
                    </canal-de-prestacao>
                    <canal-de-prestacao tipo="presencial">
                        <descricao>Para Acervos Arquivísticos (documentais): Serviço de Gestão Documental SBS 02, lote 14, Ed. Cleto Meirelles 1º Subsolo 70070-120 BRASÍLIA - DF Telefones: (61) 3247-6552 / 3247-6554</descricao>
                    </canal-de-prestacao>
                    <canal-de-prestacao tipo="presencial">
                        <descricao>Para Acervos Arquivísticos (documentais): Serviço de Referências Documentais do Museu do Índio Rua das Palmeiras, 55 – Botafogo 22270-070 RIO DE JANEIRO - RJ Telefones: (21) 3214-8725 / 3214-8726 / 3214-8727</descricao>
                    </canal-de-prestacao>
                    <canal-de-prestacao tipo="presencial">
                        <descricao>Para Acervos Bibliográficos: Biblioteca Curt Nimuendaju SBS 02, lote 14, Ed. Cleto Meirelles 70070-120 BRASÍLIA - DF Telefones: (61) 3247-6549 / 3247-6551</descricao>
                    </canal-de-prestacao>
                    <canal-de-prestacao tipo="presencial">
                        <descricao>Para Acervos Bibliográficos: Biblioteca Marechal Rondon Rua das Palmeiras, 55 – Botafogo 22270-070 RIO DE JANEIRO - RJ Telefones: (21) 3214-8725 / 3214-8726 / 3214-8727</descricao>
                    </canal-de-prestacao>
                    <canal-de-prestacao tipo="presencial">
                        <descricao>Para Acervos Etnográficos e Audiovisuais: Serviço de Referências Documentais do Museu do Índio Rua das Palmeiras, 55 – Botafogo 22270-070 RIO DE JANEIRO - RJ Telefones: (21) 3214-8725 / 3214-8726 / 3214-8727</descricao>
                    </canal-de-prestacao>
                </default>
            </canais-de-prestacao>
        </etapa>
    </etapas>
    <orgao id="http://estruturaorganizacional.dados.gov.br/id/unidade-organizacional/316"/>
    <segmentos-da-sociedade/>
    <areas-de-interesse>
        <item>Proteção social</item>
    </areas-de-interesse>
    <palavras-chave/>
    <legislacoes/>
</servico>
