<?xml version="1.0" encoding="UTF-8" standalone="no"?>
<servico xmlns="http://servicos.gov.br/v3/schema" xmlns:xsi="http://www.w3.org/2001/XMLSchema-instance" xsi:schemaLocation="http://servicos.gov.br/v3/schema ../servico.xsd">
    <nome>Acesso aos documentos do Acervo do Arquivo Legal</nome>
    <sigla/>
    <nomes-populares/>
    <descricao>Atendimento, a distância, das demandas de acesso aos documentos do acervo do Arquivo Nacional, como por exemplo a reprodução de documentos, transcrições e/ou certidões probatórias e informações sobre o acervo, por meio do sítio do órgão ou e-mail.

Atendimento presencial na Sala de Consultas do Arquivo Nacional. O usuário requisita e examina os documentos de seu interesse, sejam os manuscritos, os filmes, as fitas audiomagnéticas, as fotografias, os mapas e plantas ou os livros, periódicos, folhetos e teses pertencentes ao acervo da Biblioteca.

* [Formulários](http://www.arquivonacional.gov.br/templates/htm/arquivonacional/atendimento-a-distancia_FORM.htm): Formulário de solicitação - Para atendimento a distância.

* [Mais informações](http://www.arquivonacional.gov.br/cgi/cgilua.exe/sys/start.htm?infoid=49&amp;sid=8): Sobre o atendimento presencial

* [Telefone](undefined): Para informações sobre atendimento persencial:
                Arquivo Nacional/Sede/RJ - (21) 2179-1235
                Arquivo Nacional/Coordenação Regional no DF - (61)3344-5140

* [Outros](undefined): Informações/dúvidas sobre atendimento presencial: saladeconsultas@arquivonacional.gov.br</descricao>
    <gratuito/>
    <solicitantes/>
    <tempo-total-estimado>
        <descricao/>
    </tempo-total-estimado>
    <etapas>
        <etapa>
            <titulo/>
            <descricao/>
            <documentos>
                <default/>
            </documentos>
            <custos>
                <default/>
            </custos>
            <canais-de-prestacao>
                <default>
                    <canal-de-prestacao tipo="web">
                        <descricao>http://www.arquivonacional.gov.br/cgi/cgilua.exe/sys/start.htm?infoid=519&amp;sid=8</descricao>
                    </canal-de-prestacao>
                    <canal-de-prestacao tipo="e-mail">
                        <descricao>Para atendimento a distância - consultas@arquivonacional.gov.br</descricao>
                    </canal-de-prestacao>
                    <canal-de-prestacao tipo="telefone">
                        <descricao>Para atendimento a distância: (21) 2179-1257</descricao>
                    </canal-de-prestacao>
                    <canal-de-prestacao tipo="presencial">
                        <descricao>Para atendimento presencial: - Arquivo Nacional/Sede: Praça da República, 173, Centro, Rio de Janeiro – RJ - Arquivo Nacional/Coordenação Regional no DF: Setor de Indústrias Gráficas, quadra 6, lote 800, Prédio da Imprensa Nacional, Brasília – DF</descricao>
                    </canal-de-prestacao>
                </default>
            </canais-de-prestacao>
        </etapa>
    </etapas>
    <orgao id="http://estruturaorganizacional.dados.gov.br/id/unidade-organizacional/334"/>
    <segmentos-da-sociedade>
        <item>Cidadãos</item>
    </segmentos-da-sociedade>
    <areas-de-interesse>
        <item>Proteção social</item>
    </areas-de-interesse>
    <palavras-chave/>
    <legislacoes/>
</servico>
