<?xml version="1.0" encoding="UTF-8" standalone="no"?>
<servico xmlns="http://servicos.gov.br/v3/schema" xmlns:xsi="http://www.w3.org/2001/XMLSchema-instance" xsi:schemaLocation="http://servicos.gov.br/v3/schema ../servico.xsd">
    <nome>Agendamento eletrônico de atendimento na Previdência</nome>
    <sigla/>
    <nomes-populares>
        <item>Nome Popular</item>
    </nomes-populares>
    <descricao>Solicitação</descricao>
    <gratuito>true</gratuito>
    <solicitantes>
        <solicitante>
            <tipo>Teste</tipo>
            <requisitos/>
        </solicitante>
    </solicitantes>
    <tempo-total-estimado>
        <ate max="10" unidade="dias-uteis"/>
        <descricao/>
    </tempo-total-estimado>
    <etapas>
        <etapa>
            <titulo>Teste</titulo>
            <descricao/>
            <documentos>
                <default/>
            </documentos>
            <custos>
                <default/>
            </custos>
            <canais-de-prestacao>
                <default>
                    <canal-de-prestacao tipo="web">
                        <descricao>http://www2.dataprev.gov.br/prevagenda/OpcaoInicialTela.view</descricao>
                    </canal-de-prestacao>
                </default>
            </canais-de-prestacao>
        </etapa>
    </etapas>
    <orgao id="http://estruturaorganizacional.dados.gov.br/id/unidade-organizacional/1930"></orgao>
    <segmentos-da-sociedade>
        <item>Cidadãos</item>
    </segmentos-da-sociedade>
    <areas-de-interesse>
        <item>Previdência Social</item>
        <item>Agropecuária</item>
        <item>Água</item>
    </areas-de-interesse>
    <palavras-chave>
        <item>Teste 1</item>
        <item>Teste 2</item>
        <item>Teste 3</item>
    </palavras-chave>
    <legislacoes>
        <item>Serviço</item>
    </legislacoes>
</servico>
