<?xml version="1.0" encoding="UTF-8" standalone="no"?>
<servico xmlns="http://servicos.gov.br/v3/schema" xmlns:xsi="http://www.w3.org/2001/XMLSchema-instance" xsi:schemaLocation="http://servicos.gov.br/v3/schema ../servico.xsd">
    <nome>Agendamento eletrônico de atendimento na Previdência</nome>
    <sigla/>
    <nomes-populares/>
    <descricao>Solicitação de agendamento dos serviços prestados pela Previdência Social.</descricao>
    <gratuito>true</gratuito>
    <solicitantes/>
    <tempo-total-estimado>
        <descricao/>
    </tempo-total-estimado>
    <etapas>
        <etapa>
            <titulo>Agendamento para Atendimento na Previdência Social</titulo>
            <descricao/>
            <documentos>
                <default/>
            </documentos>
            <custos>
                <default/>
            </custos>
            <canais-de-prestacao>
                <default>
                    <canal-de-prestacao tipo="web">
                        <descricao>http://www2.dataprev.gov.br/prevagenda/OpcaoInicialTela.view</descricao>
                    </canal-de-prestacao>
                </default>
            </canais-de-prestacao>
        </etapa>
    </etapas>
    <orgao id="http://estruturaorganizacional.dados.gov.br/id/unidade-organizacional/1934"/>
    <segmentos-da-sociedade>
        <item>Cidadãos</item>
    </segmentos-da-sociedade>
    <areas-de-interesse>
        <item>Previdência Social</item>
    </areas-de-interesse>
    <palavras-chave/>
    <legislacoes/>
</servico>
