<?xml version="1.0" encoding="UTF-8" standalone="no"?>
<servico xmlns="http://servicos.gov.br/v3/schema" xmlns:xsi="http://www.w3.org/2001/XMLSchema-instance" xsi:schemaLocation="http://servicos.gov.br/v3/schema ../servico.xsd">
    <nome>Análise de Atos de Concentração Econômica - Defesa da Concorrência</nome>
    <sigla/>
    <nomes-populares/>
    <descricao>Após a submissão pelos interessados, inclusive mediante o recolhimento de taxa processual (vide "Mais informações"), o Conselho Administrativo de Defesa Econômica (CADE) analisa e decide sobre as fusões, aquisições de controle ou partes de uma ou mais empresas, incorporações, contratos associativos, consórcios ou joint ventures (empreendimento conjunto) e outros atos de concentração econômica entre grandes empresas que possam colocar em risco a livre concorrência, à luz da Lei de nº 12.529/2011 (vide "Mais informações").

O pedido de aprovação de atos de concentração econômica seguirá o procedimento previsto na Lei nº 12.529/2011, bem como no Regimento Interno do CADE (vide "Mais informações) e a documentação deve ser encaminhada presencialmente ou via Correios; podendo, ainda, ser encaminhada via e-mail, o que não exclui a obrigatoriedade de juntada da via original, no prazo de 5 (cinco) dias.

Realiza-se um ato de concentração quando:

I - 2 (duas) ou mais empresas anteriormente independentes se fundem;
II - 1 (uma) ou mais empresas adquirem, direta ou indiretamente, por compra ou permuta de ações, quotas, títulos ou valores mobiliários conversíveis em ações, ou ativos, tangíveis ou intangíveis, por via contratual ou por qualquer outro meio ou forma, o controle ou partes de uma ou outras empresas;
III - 1 (uma) ou mais empresas incorporam outra ou outras empresas; ou
IV - 2 (duas) ou mais empresas celebram contrato associativo, consórcio ou joint venture (não serão considerados atos de concentração quando destinados às licitações promovidas pela administração pública direta e indireta e aos contratos delas decorrentes)

Serão submetidos ao Cade pelas partes envolvidas na operação os atos de concentração econômica em que, cumulativamente:

I - pelo menos um dos grupos envolvidos na operação tenha registrado, no último balanço, faturamento bruto anual ou volume de negócios total no País, no ano anterior à operação, equivalente ou superior a R$ 400.000.000,00 (quatrocentos milhões de reais); e

II - pelo menos um outro grupo envolvido na operação tenha registrado, no último balanço, faturamento bruto anual ou volume de negócios total no País, no ano anterior à operação, equivalente ou superior a R$ 30.000.000,00 (trinta milhões de reais).

Os valores poderão ser adequados, simultânea ou independentemente, por indicação do Plenário do Cade, por portaria interministerial dos Ministros de Estado da Fazenda e da Justiça.

Os atos não podem ser consumados antes de apreciados, sob pena de nulidade, sendo ainda imposta multa pecuniária, de valor não inferior a R$ 60.000,00 (sessenta mil reais) nem superior a R$ 60.000.000,00 (sessenta milhões de reais), a ser aplicada nos termos da regulamentação, sem prejuízo da abertura de processo administrativo.

Observação: O Conselho Administrativo de Defesa Econômica - Cade é uma autarquia federal, vinculada ao Ministério da Justiça, com sede e foro no Distrito Federal, que exerce, em todo o Território nacional, as atribuições dadas pela Lei nº 12.529/2011 (vide "Mais informações"). O Cade tem como missão zelar pela livre concorrência no mercado, sendo a entidade responsável, no âmbito do Poder Executivo, não só por investigar e decidir, em última instância, sobre a matéria concorrencial, como também estimular e disseminar a cultura da livre concorrência.

* [Formulários](http://www.cade.gov.br/upload/Resolu%C3%A7%C3%A3o%202_2012%20-%20An%C3%A1lise%20Atos%20Concentra%C3%A7%C3%A3o.pdf): Anexo I da RESOLUÇÃO Nº 2/2012 - CADE

* [Mais informações](http://www.cade.gov.br/upload/RICADE%20atual..pdf): Regimento Interno - CADE

* [Mais informações](http://www.planalto.gov.br/ccivil_03/_ato2011-2014/2011/Lei/L12529.htm): Lei nº 12.529/11

* [Mais informações](http://www.cade.gov.br/Default.aspx?380b1bee061bf131c573c590a5): Taxa Processual - GRU

* [Serviços relacionados](http://www.cade.gov.br/Default.aspx?a8889b6caa60b241d345d069fc): Consulta de peças processuais e documentos públicos em processos julgados e em andamento no
                âmbito do CADE</descricao>
    <gratuito/>
    <solicitantes/>
    <tempo-total-estimado>
        <descricao/>
    </tempo-total-estimado>
    <etapas>
        <etapa>
            <titulo/>
            <descricao/>
            <documentos>
                <default/>
            </documentos>
            <custos>
                <default/>
            </custos>
            <canais-de-prestacao>
                <default>
                    <canal-de-prestacao tipo="presencial">
                        <descricao>SEPN 515, Conjunto D, Lote 4 - Ed. Carlos Taurisano. Asa Norte. Brasília/DF. Cep: 70770-504.</descricao>
                    </canal-de-prestacao>
                    <canal-de-prestacao tipo="postal">
                        <descricao>Via Correios no endereço: SEPN 515, Conjunto D, Lote 4 - Ed. Carlos Taurisano. Asa Norte. Brasília/DF. Cep: 70770-504.</descricao>
                    </canal-de-prestacao>
                    <canal-de-prestacao tipo="e-mail">
                        <descricao>protocolo@cade.gov.br</descricao>
                    </canal-de-prestacao>
                </default>
            </canais-de-prestacao>
        </etapa>
    </etapas>
    <orgao id="http://estruturaorganizacional.dados.gov.br/id/unidade-organizacional/316"/>
    <segmentos-da-sociedade>
        <item>Cidadãos</item>
        <item>Empresas</item>
    </segmentos-da-sociedade>
    <areas-de-interesse>
        <item>Proteção social</item>
    </areas-de-interesse>
    <palavras-chave/>
    <legislacoes/>
</servico>
