<?xml version="1.0" encoding="UTF-8" standalone="no"?>
<servico xmlns="http://servicos.gov.br/v3/schema" xmlns:xsi="http://www.w3.org/2001/XMLSchema-instance" xsi:schemaLocation="http://servicos.gov.br/v3/schema ../servico.xsd">
    <nome>Aplicação e documentos do Sistema Previdenciário de Gestão de Regimes Públicos de Previdência Social –
        SIPREV/Gestão</nome>
    <sigla/>
    <nomes-populares/>
    <descricao>Informação sobre o SIPREV/Gestão ferramenta do Sistema dos SRPPS disponibilizada gratuitamente para os entes federativos carregarem os dados dos servidores ativos, dos dependentes, dos aposentados e dos pensionistas, para se dispor de dados consistentes e de séries históricas de dados para efetivar avaliação atuarial a fim de se atender ao disposto no caput do artigo 40 da CF; efetuar Censo Previdenciário para melhorar a qualidade dos dados dos servidores ativos, aposentados, dependentes e pensionistas; dispor de dados cadastrais atualizados, de histórico de dados funcionais, previdenciários e financeiros para a emissão de Certidão de Tempo de Contribuição - CTC e para a Simulação e Concessão de Benefícios e ter-se informações gerenciais relativas a tempo de contribuição, a remunerações e contribuições, a óbitos e benefícios no dois regimes previdenciários (RPPS e RGPS) e a quantitativos de servidores, dependentes e pensionistas com informações detalhadas por idade, sexo e outras variáveis. A aplicação e os documentos são disponibilizados em comunidade fechada, denominada Comunidade Siprev, portal de Software Público Brasileiro.</descricao>
    <gratuito/>
    <solicitantes/>
    <tempo-total-estimado>
        <descricao/>
    </tempo-total-estimado>
    <etapas>
        <etapa>
            <titulo/>
            <descricao/>
            <documentos>
                <default/>
            </documentos>
            <custos>
                <default/>
            </custos>
            <canais-de-prestacao>
                <default>
                    <canal-de-prestacao tipo="web">
                        <descricao>http://www.previdencia.gov.br/siprevgestao-rpps-sistema-previdenciario-de-gestao-de-rpps/</descricao>
                    </canal-de-prestacao>
                </default>
            </canais-de-prestacao>
        </etapa>
    </etapas>
    <orgao id="http://estruturaorganizacional.dados.gov.br/id/unidade-organizacional/2844"/> 
    <segmentos-da-sociedade>
        <item>Empresas</item>
    </segmentos-da-sociedade>
    <areas-de-interesse>
        <item>Previdência Social</item>
    </areas-de-interesse>
    <palavras-chave/>
    <legislacoes/>
</servico>
