<?xml version="1.0" encoding="UTF-8" standalone="no"?>
<servico xmlns="http://servicos.gov.br/v3/schema" xmlns:xsi="http://www.w3.org/2001/XMLSchema-instance" xsi:schemaLocation="http://servicos.gov.br/v3/schema ../servico.xsd">
    <nome>Apoio à Agroindústria da Agricultura Familiar</nome>
    <sigla/>
    <nomes-populares/>
    <descricao>O Programa de Agroindústria apoia a inclusão dos agricultores familiares no processo de agroindustrialização e comercialização da sua produção, de modo a agregar valor, gerar renda e oportunidades de trabalho no meio rural.

Podem participar agricultores familiares, pessoas físicas e jurídicas formada por no mínimo 90% destes agricultores e com no mínimo 70% da matéria-prima própria.

O Programa está estruturado em 5(cinco) linhas de ação:

Linha de Ação I: Crédito Rural
Linha de Ação II: Adequação e Orientações nas Legislações Específicas
Linha de Ação III: Capacitação de Multiplicadores, Elaboração de Manuais Técnicos e Documentos Orientadores
Linha de Ação IV: Ciência e Tecnologia
Linha de Ação V: Promoção e Divulgação dos Produtos Agroindustriais, Identificação de Mercados e Articulação com o Mercado Institucional

* [Cartilhas e Manuais](http://www.mda.gov.br/sitemda/secretaria/saf-agro/capacitação-e-manuais): Capacitação e manuais</descricao>
    <gratuito/>
    <solicitantes/>
    <tempo-total-estimado>
        <descricao/>
    </tempo-total-estimado>
    <etapas>
        <etapa>
            <titulo/>
            <descricao/>
            <documentos>
                <default/>
            </documentos>
            <custos>
                <default/>
            </custos>
            <canais-de-prestacao>
                <default>
                    <canal-de-prestacao tipo="telefone">
                        <descricao>(61) 2020-0946 / 2020-0947</descricao>
                    </canal-de-prestacao>
                </default>
            </canais-de-prestacao>
        </etapa>
    </etapas>
    <orgao id="http://estruturaorganizacional.dados.gov.br/id/unidade-organizacional/17125"/>
    <segmentos-da-sociedade>
        <item>Cidadãos</item>
        <item>Empresas</item>
    </segmentos-da-sociedade>
    <areas-de-interesse>
        <item>Agropecuária</item>
    </areas-de-interesse>
    <palavras-chave/>
    <legislacoes/>
</servico>
