<?xml version="1.0" encoding="UTF-8" standalone="no"?>
<servico xmlns="http://servicos.gov.br/v3/schema" xmlns:xsi="http://www.w3.org/2001/XMLSchema-instance" xsi:schemaLocation="http://servicos.gov.br/v3/schema ../servico.xsd">
    <nome>Aposentadoria Especial</nome>
    <sigla/>
    <nomes-populares/>
    <descricao>Benefício concedido ao segurado que tenha trabalhado em condições prejudiciais à saúde ou à integridade física. Para ter direito à aposentadoria especial, o trabalhador deverá comprovar, além do tempo de trabalho, efetiva exposição aos agentes nocivos químicos, físicos, biológicos ou associação de agentes prejudiciais pelo período exigido para a concessão do benefício (15, 20 ou 25 anos).</descricao>
    <gratuito/>
    <solicitantes/>
    <tempo-total-estimado>
        <descricao/>
    </tempo-total-estimado>
    <etapas>
        <etapa>
            <titulo/>
            <descricao/>
            <documentos>
                <default/>
            </documentos>
            <custos>
                <default/>
            </custos>
            <canais-de-prestacao>
                <default>
                    <canal-de-prestacao tipo="web-agendar">
                        <descricao>http://www2.dataprev.gov.br/prevagenda/OpcaoInicialTela.view</descricao>
                    </canal-de-prestacao>
                    <canal-de-prestacao tipo="presencial">
                        <descricao>Serviço prestado nas Agências da Previdência Social.</descricao>
                    </canal-de-prestacao>
                </default>
            </canais-de-prestacao>
        </etapa>
    </etapas>
    <orgao id="http://estruturaorganizacional.dados.gov.br/id/unidade-organizacional/1934"/>
    <segmentos-da-sociedade>
        <item>Cidadãos</item>
    </segmentos-da-sociedade>
    <areas-de-interesse>
        <item>Pessoa</item>
        <item>Previdência Social</item>
    </areas-de-interesse>
    <palavras-chave/>
    <legislacoes/>
</servico>
