<?xml version="1.0" encoding="UTF-8" standalone="no"?>
<servico xmlns="http://servicos.gov.br/v3/schema" xmlns:xsi="http://www.w3.org/2001/XMLSchema-instance" xsi:schemaLocation="http://servicos.gov.br/v3/schema ../servico.xsd">
    <nome>Aqui tem Farmácia Popular</nome>
    <sigla/>
    <nomes-populares/>
    <descricao>Na rede credenciada é possível ter acesso aos medicamentos para as doenças mais comuns entre os cidadãos. O Programa possui uma rede própria de Farmácias Populares e a parceria com farmácias e drogarias da rede privada, chamada de "Aqui tem Farmácia Popular".</descricao>
    <gratuito/>
    <solicitantes/>
    <tempo-total-estimado>
        <descricao/>
    </tempo-total-estimado>
    <etapas>
        <etapa>
            <titulo/>
            <descricao/>
            <documentos>
                <default/>
            </documentos>
            <custos>
                <default/>
            </custos>
            <canais-de-prestacao>
                <default>
                    <canal-de-prestacao tipo="web">
                        <descricao>http://sage.saude.gov.br/?link=aqt&amp;flt=true&amp;param=null</descricao>
                    </canal-de-prestacao>
                </default>
            </canais-de-prestacao>
        </etapa>
    </etapas>
    <orgao id="http://estruturaorganizacional.dados.gov.br/id/unidade-organizacional/304"/>
    <segmentos-da-sociedade>
        <item>Cidadãos</item>
    </segmentos-da-sociedade>
    <areas-de-interesse>
        <item>Previdência Social</item>
        <item>Saúde</item>
    </areas-de-interesse>
    <palavras-chave/>
    <legislacoes/>
</servico>
