<?xml version="1.0" encoding="UTF-8" standalone="no"?>
<servico xmlns="http://servicos.gov.br/v3/schema" xmlns:xsi="http://www.w3.org/2001/XMLSchema-instance" xsi:schemaLocation="http://servicos.gov.br/v3/schema ../servico.xsd">
    <nome>Arrecadação do Microempreendedor Individual - PGMEI</nome>
    <sigla/>
    <nomes-populares/>
    <descricao>O Programa Gerador do Documento de Arrecadação do Simples Nacional para o Microempreendedor Individual (PGMEI) é um sistema eletrônico de geração do Documento de Arrecadação do Simples Nacional (DAS) para o Microempreendedor Individual.

O acesso ao PGMEI se dá exclusivamente via Portal do Simples Nacional na internet e tem como objetivo gerar o Documento de Arrecadação do Simples Nacional para o Microempreendedor Individual (DAS) para recolhimento na rede bancária.

* [Mais Informações](http://www8.receita.fazenda.gov.br/SimplesNacional/Arquivos/manual/MANUAL_PGMEI_2013.pdf): Manual do PGMEI</descricao>
    <gratuito/>
    <solicitantes/>
    <tempo-total-estimado>
        <descricao/>
    </tempo-total-estimado>
    <etapas>
        <etapa>
            <titulo/>
            <descricao/>
            <documentos>
                <default/>
            </documentos>
            <custos>
                <default/>
            </custos>
            <canais-de-prestacao>
                <default>
                    <canal-de-prestacao tipo="web">
                        <descricao>http://www8.receita.fazenda.gov.br/SimplesNacional/Aplicacoes/ATSPO/pgmei.app/Default.aspx</descricao>
                    </canal-de-prestacao>
                </default>
            </canais-de-prestacao>
        </etapa>
    </etapas>
    <orgao id="http://estruturaorganizacional.dados.gov.br/id/unidade-organizacional/77"/>
    <segmentos-da-sociedade>
        <item>Empresas</item>
    </segmentos-da-sociedade>
    <areas-de-interesse>
        <item>Economia e Finanças</item>
    </areas-de-interesse>
    <palavras-chave/>
    <legislacoes/>
</servico>
