<?xml version="1.0" encoding="UTF-8" standalone="no"?>
<servico xmlns="http://servicos.gov.br/v3/schema" xmlns:xsi="http://www.w3.org/2001/XMLSchema-instance" xsi:schemaLocation="http://servicos.gov.br/v3/schema ../servico.xsd">
    <nome>Atendimento a acidentes de trânsito/ DPRF</nome>
    <sigla/>
    <nomes-populares/>
    <descricao>Consiste no atendimento do acidente de trânsito nas rodovias federais, feito de forma presencial por uma equipe da Polícia Rodoviária Federal, desde a sua comunicação até o encerramento do levantamento dos dados. Por meio deste serviço, o usuário é atendido para pedir socorro, comunicar ocorrências de acidentes ou denunciar roubo e furto de veículos.

        A solicitação do atendimento pode ser feita por qualquer pessoa por meio do telefone de emergência 191 (chamada gratuita) ou pessoalmente, por meio da comunicação direta em qualquer Posto ou equipe de Ronda da Polícia Rodoviária Federal (vide "Localização das unidades").

        No telefone de emergência 191, a ligação é atendida por policiais rodoviários federais plantonistas (o serviço funciona 24 horas) que repassam os dados fornecidos pelo usuário ao Posto ou à equipe de Ronda da Polícia Rodoviária Federal mais próxima do local do acidente para o atendimento o mais breve possível.

* [Localização das unidades](http://www.dprf.gov.br/PortalInternet/enderecosETelefones.faces): Endereços das unidades da Polícia Rodoviária Federal.</descricao>
    <gratuito/>
    <solicitantes/>
    <tempo-total-estimado>
        <descricao/>
    </tempo-total-estimado>
    <etapas>
        <etapa>
            <titulo/>
            <descricao/>
            <documentos>
                <default/>
            </documentos>
            <custos>
                <default/>
            </custos>
            <canais-de-prestacao>
                <default>
                    <canal-de-prestacao tipo="telefone">
                        <descricao>191 (chamada gratuita)</descricao>
                    </canal-de-prestacao>
                    <canal-de-prestacao tipo="presencial">
                        <descricao>Por meio da comunicação direta em qualquer Equipe de Ronda ou Posto do DPRF (vide "Localização das unidades")</descricao>
                    </canal-de-prestacao>
                </default>
            </canais-de-prestacao>
        </etapa>
    </etapas>
    <orgao id="http://estruturaorganizacional.dados.gov.br/id/unidade-organizacional/316"/>
    <segmentos-da-sociedade>
        <item>Cidadãos</item>
    </segmentos-da-sociedade>
    <areas-de-interesse>
        <item>Proteção social</item>
    </areas-de-interesse>
    <palavras-chave/>
    <legislacoes/>
</servico>
