<?xml version="1.0" encoding="UTF-8" standalone="no"?>
<servico xmlns="http://servicos.gov.br/v3/schema" xmlns:xsi="http://www.w3.org/2001/XMLSchema-instance" xsi:schemaLocation="http://servicos.gov.br/v3/schema ../servico.xsd">
    <nome>Atribuição de classificação indicativa de obras audiovisuais</nome>
    <sigla/>
    <nomes-populares/>
    <descricao>Atribuição de classificação indicativa de obras audiovisuais para TV, cinema, vídeo e DVD, videoclipes musicais, espetáculos cênicos e musicais, jogos eletrônicos e RPG (jogos de interpretação).

A classificação indicativa é a indicação à família sobre a faixa etária para a qual obras audiovisuais (programação de TV, filmes, DVD, jogos eletrônicos e de interpretação – RPG) não se recomendam. A Classificação vincula a faixa horária à etária na televisão aberta.

Pode requerer a classificação indicativa o titular ou representante legal da diversão pública.

* [Mais informações](undefined): classificacaoindicativa@mj.gov.br

* [Mais informações](http://portal.mj.gov.br/data/Pages/MJ6BC270E8ITEMID66914BCA346A4350800CB04EBF2D6BD7PTBRIE.htm): Para mais informações sobre classificação indicativa

* [Serviços relacionados](http://portal.mj.gov.br/ClassificacaoIndicativa/EscolhaTipo.jsp): Consulta à classificação indicativa

* [Serviços relacionados](http://portal.mj.gov.br/main.asp?View=%7BFDA11DA1-710C-48E5-AA3E-FBB988B921D1%7D&amp;BrowserType=IE&amp;LangID=pt-br&amp;params=itemID%3D%7B9FA2CB77-0792-423F-BD04-3587A932416B%7D%3B&amp;UIPartUID=%7B04411A04-62EC-410D-AC93-9F2FA9240471%7D): Consulta às classificações internacionais de jogos eletrônicos e aplicativos</descricao>
    <gratuito/>
    <solicitantes/>
    <tempo-total-estimado>
        <descricao/>
    </tempo-total-estimado>
    <etapas>
        <etapa>
            <titulo/>
            <descricao/>
            <documentos>
                <default/>
            </documentos>
            <custos>
                <default/>
            </custos>
            <canais-de-prestacao>
                <default>
                    <canal-de-prestacao tipo="presencial">
                        <descricao>Esplanada dos Ministérios – Anexo II Sala 321 – 70064-900 Brasília-DF</descricao>
                    </canal-de-prestacao>
                </default>
            </canais-de-prestacao>
        </etapa>
    </etapas>
    <orgao id="http://estruturaorganizacional.dados.gov.br/id/unidade-organizacional/316"/>
    <segmentos-da-sociedade>
        <item>Cidadãos</item>
        <item>Empresas</item>
    </segmentos-da-sociedade>
    <areas-de-interesse>
        <item>Proteção social</item>
    </areas-de-interesse>
    <palavras-chave/>
    <legislacoes/>
</servico>
