<?xml version="1.0" encoding="UTF-8" standalone="no"?>
<servico xmlns="http://servicos.gov.br/v3/schema" xmlns:xsi="http://www.w3.org/2001/XMLSchema-instance" xsi:schemaLocation="http://servicos.gov.br/v3/schema ../servico.xsd">
    <nome>Atualização aposentados</nome>
    <sigla>AA</sigla>
    <nomes-populares>
        <item>Nome Popular</item>
    </nomes-populares>
    <descricao>Permite a atualização de endereço de aposentados e pensionistas, informando o número do benefício, data de nascimento, novo CEP, nome do beneficiário e o CPF. Teste.

* [Telefone](undefined): Ligue 135 mais informações.</descricao>
    <gratuito>true</gratuito>
    <solicitantes>
        <solicitante>
            <tipo>Solicitante</tipo>
            <requisitos/>
        </solicitante>
    </solicitantes>
    <tempo-total-estimado>
        <ate max="2" unidade="horas"/>
        <descricao/>
    </tempo-total-estimado>
    <etapas>
        <etapa>
            <titulo>Etapa 1</titulo>
            <descricao/>
            <documentos>
                <default/>
            </documentos>
            <custos>
                <default/>
            </custos>
            <canais-de-prestacao>
                <default>
                    <canal-de-prestacao tipo="web">
                        <descricao>https://www8.dataprev.gov.br/SipaINSS/pages/atucadend/atucadendInicio.xhtml</descricao>
                    </canal-de-prestacao>
                    <canal-de-prestacao tipo="presencial">
                        <descricao>Serviço prestado nas Agências da Previdência Social.</descricao>
                    </canal-de-prestacao>
                </default>
            </canais-de-prestacao>
        </etapa>
    </etapas>
    <orgao id="http://estruturaorganizacional.dados.gov.br/id/unidade-organizacional/1930"/>
    <segmentos-da-sociedade>
        <item>Cidadãos</item>
    </segmentos-da-sociedade>
    <areas-de-interesse>
        <item>Previdência Social</item>
        <item>Previdência Complementar</item>
        <item>Saúde</item>
    </areas-de-interesse>
    <palavras-chave>
        <item>Teste 1</item>
        <item>Teste 2</item>
        <item>Teste 3</item>
    </palavras-chave>
    <legislacoes>
        <item>Le</item>
    </legislacoes>
</servico>
