<?xml version="1.0" encoding="UTF-8" standalone="no"?>
<servico xmlns="http://servicos.gov.br/v3/schema" xmlns:xsi="http://www.w3.org/2001/XMLSchema-instance" xsi:schemaLocation="http://servicos.gov.br/v3/schema ../servico.xsd">
    <nome>Autorizações para empresas especializadas de Segurança Privada</nome>
    <sigla/>
    <nomes-populares/>
    <descricao>As autorizações para o exercício de atividades relativas à segurança privada são expedidas pela Polícia Federal e devem ser requeridas pelas empresas especializadas na prestação de serviços de segurança privada e outras empresas que desejam constituir serviço orgânico de segurança privada (segurança da própria empresa). As autorizações são as seguintes:

        Autorização para aquisição de armas, munições e petrechos - documento válido por 60 (sessenta) dias que autoriza a empresa a adquirir armas, munições e petrechos;

        Autorização para aquisição de coletes balísticos - documento válido por 60 (sessenta) dias, prorrogável por igual período, que autoriza a empresa a adquirir coletes balísticos;

        Autorização para alteração de Atos Constitutivos - documento que autoriza a empresa especializada a alterar seus atos constitutivos.

* [Localização das unidades](http://www.dpf.gov.br/institucional/pf-pelo-brasil/): Endereços de todas as unidades da Polícia Federal no país.

* [Telefone](undefined): Mais informações: 194</descricao>
    <gratuito/>
    <solicitantes/>
    <tempo-total-estimado>
        <descricao/>
    </tempo-total-estimado>
    <etapas>
        <etapa>
            <titulo/>
            <descricao/>
            <documentos>
                <default/>
            </documentos>
            <custos>
                <default/>
            </custos>
            <canais-de-prestacao>
                <default>
                    <canal-de-prestacao tipo="web">
                        <descricao>http://www.dpf.gov.br/servicos/seguranca-privada/sistemas/gesp</descricao>
                    </canal-de-prestacao>
                    <canal-de-prestacao tipo="presencial">
                        <descricao>Na unidade da Polícia Federal mais próxima (vide "Localização das unidades").</descricao>
                    </canal-de-prestacao>
                </default>
            </canais-de-prestacao>
        </etapa>
    </etapas>
    <orgao id="http://estruturaorganizacional.dados.gov.br/id/unidade-organizacional/316"/>
    <segmentos-da-sociedade>
        <item>Empresas</item>
    </segmentos-da-sociedade>
    <areas-de-interesse>
        <item>Segurança e Ordem Pública</item>
    </areas-de-interesse>
    <palavras-chave/>
    <legislacoes/>
</servico>
