<?xml version="1.0" encoding="UTF-8" standalone="no"?>
<servico xmlns="http://servicos.gov.br/v3/schema" xmlns:xsi="http://www.w3.org/2001/XMLSchema-instance" xsi:schemaLocation="http://servicos.gov.br/v3/schema ../servico.xsd">
    <nome>Autorização de funcionamento de empresa de segurança privada</nome>
    <sigla/>
    <nomes-populares/>
    <descricao>É o documento válido por 1 (um) ano que autoriza a empresa a desenvolver atividades de segurança privada.

IMPORTANTE:

- O requerimento de Autorização de Funcionamento deve ser encaminhado pela Internet, por meio do sistema GESP, no site da Polícia Federal (vide "Mais informações").
- A autorização se dá por meio de Alvará publicado no Diário Oficial da União - D.O.U.
- A empresa interessada poderá acompanhar o andamento do seu pedido por meio do sistema GESP (vide "Mais informações").

* [Localização das unidades](http://www.dpf.gov.br/institucional/pf-pelo-brasil/): Endereços de todas as unidades da Polícia Federal no país.

* [Mais informações](http://www.dpf.gov.br/servicos/seguranca-privada/sistemas): Informações sobre o sistema GESP.

* [Telefone](undefined): Mais informações: 194

* [Mais informações](http://www.dpf.gov.br/servicos/seguranca-privada/legislacao-normas-e-orientacoes/portarias/Portaria%20n3233.12.DG-DPF.pdf/view): PORTARIA Nº 3.233/2012-DG/DPF

* [Serviços relacionados](http://www.dpf.gov.br/servicos/seguranca-privada/servicos/revisao-de-autorizacao-de-funcionamento-da-empresa): Revisão de Autorização de Funcionamento da Empresa

* [Serviços relacionados](http://www.dpf.gov.br/servicos/seguranca-privada/servicos/cancelamento-de-atividade-a-pedido): Cancelamento de Atividade a Pedido

* [Serviços relacionados](http://www.dpf.gov.br/servicos/seguranca-privada/servicos/cancelamento-de-autorizacao-de-funcionamento-a-pedido): Cancelamento de Autorização de Funcionamento a Pedido</descricao>
    <gratuito/>
    <solicitantes/>
    <tempo-total-estimado>
        <descricao/>
    </tempo-total-estimado>
    <etapas>
        <etapa>
            <titulo/>
            <descricao/>
            <documentos>
                <default/>
            </documentos>
            <custos>
                <default/>
            </custos>
            <canais-de-prestacao>
                <default>
                    <canal-de-prestacao tipo="presencial">
                        <descricao>Em qualquer unidade da Polícia Federal (vide "Localização das unidades").</descricao>
                    </canal-de-prestacao>
                </default>
            </canais-de-prestacao>
        </etapa>
    </etapas>
    <orgao id="http://estruturaorganizacional.dados.gov.br/id/unidade-organizacional/324"/>
    <segmentos-da-sociedade>
        <item>Cidadãos</item>
        <item>Empresas</item>
    </segmentos-da-sociedade>
    <areas-de-interesse>
        <item>Segurança e Ordem Pública</item>
    </areas-de-interesse>
    <palavras-chave/>
    <legislacoes/>
</servico>
