<?xml version="1.0" encoding="UTF-8" standalone="no"?>
<servico xmlns="http://servicos.gov.br/v3/schema" xmlns:xsi="http://www.w3.org/2001/XMLSchema-instance" xsi:schemaLocation="http://servicos.gov.br/v3/schema ../servico.xsd">
    <nome>Autorização de Trabalho a Estrangeiros</nome>
    <sigla/>
    <nomes-populares/>
    <descricao>Autorização de trabalho a estrangeiros é o ato administrativo de competência do Ministério do Trabalho e Emprego que é exigido pelas autoridades consulares brasileiras, em conformidade com a legislação em vigor, para efeito de concessão de vistos permanentes e/ou temporário a estrangeiros que desejem permanecer no Brasil a trabalho. Delibera-se sobre os pedidos de prorrogação de estada e transformação de visto (de temporário para permanente) que digam respeito a trabalho.

* [Cartilhas e Manuais](http://portal.mte.gov.br/trab_estrang/guia-de-procedimentos.htm): Guia de procedimentos para os pedidos de autorização de trabalho

* [Mais informações](http://portal.mte.gov.br/trab_estrang/resolucoes-normativas.htm): Os documentos a serem apresentados dependerão da Resolução Normativa e variam de acordo com o
                caso concreto</descricao>
    <gratuito>false</gratuito>
    <solicitantes/>
    <tempo-total-estimado>
        <descricao/>
    </tempo-total-estimado>
    <etapas>
        <etapa>
            <titulo/>
            <descricao/>
            <documentos>
                <default/>
            </documentos>
            <custos>
                <default>
                    <custo>
                        <descricao>Taxa de emissão</descricao>
                        <moeda>R$</moeda>
                        <valor>16,95</valor>
                    </custo>
                </default>
            </custos>
            <canais-de-prestacao>
                <default>
                    <canal-de-prestacao tipo="web">
                        <descricao>http://migranteweb.mte.gov.br/migranteweb/login.seam</descricao>
                    </canal-de-prestacao>
                    <canal-de-prestacao tipo="web">
                        <descricao>[Acompanhar o pedido visualizando a carta de exigência caso haja ausência de documentação, bem
                como verificar se o processo foi deferido ou indeferido.](http://migranteweb.mte.gov.br/migranteweb/publico/consultarProcessoInternet/consultarProcesso.seam)</descricao>
                    </canal-de-prestacao>
                    <canal-de-prestacao tipo="presencial">
                        <descricao>[Receber os documentos que instruirá o pedido de autorização de trabalho](http://portal.mte.gov.br/postos/)</descricao>
                    </canal-de-prestacao>
                </default>
            </canais-de-prestacao>
        </etapa>
    </etapas>
    <orgao id="http://estruturaorganizacional.dados.gov.br/id/unidade-organizacional/2844"/>
    <segmentos-da-sociedade>
        <item>Cidadãos</item>
    </segmentos-da-sociedade>
    <areas-de-interesse>
        <item>Trabalho</item>
    </areas-de-interesse>
    <palavras-chave/>
    <legislacoes/>
</servico>
