<?xml version="1.0" encoding="UTF-8" standalone="no"?>
<servico xmlns="http://servicos.gov.br/v3/schema" xmlns:xsi="http://www.w3.org/2001/XMLSchema-instance" xsi:schemaLocation="http://servicos.gov.br/v3/schema ../servico.xsd">
    <nome>Autorização de funcionamento no Brasil das organizações estrangeiras sem fins lucrativos</nome>
    <sigla/>
    <nomes-populares/>
    <descricao>Requerimento de autorização para funcionamento no Brasil das organizações estrangeiras sem fins lucrativos com personalidade jurídica de direito privado. Como não há legislação específica acerca da matéria, consideram-se os seguintes dispositivos legais: a) art. 11, caput e § 1º, do Decreto-Lei nº 4.657, de 4 de setembro de 1942 (Lei de Introdução às normas do Direito Brasileiro); b) arts. 1.134 a 1.141 do Código Civil – CC; c) art. 1º do Decreto nº 3.441, de 26 de abril de 2000; d) art. 15 do Anexo da Portaria MJ nº 1.443, de 12 de setembro de 2006; e e) Portaria MJ nº 1.272, de 3 de julho de 2008.

* [Mais informações](http://www.planalto.gov.br/ccivil_03/Decreto-Lei/Del4657.htm): Decreto-Lei nº 4.657/42

* [Mais informações](http://www.planalto.gov.br/ccivil_03/Leis/2002/L10406.htm): Código Civil

* [Mais informações](http://www.planalto.gov.br/ccivil_03/decreto/D3441.htm): Decreto nº 3.441/2000</descricao>
    <gratuito/>
    <solicitantes/>
    <tempo-total-estimado>
        <descricao/>
    </tempo-total-estimado>
    <etapas>
        <etapa>
            <titulo/>
            <descricao/>
            <documentos>
                <default/>
            </documentos>
            <custos>
                <default/>
            </custos>
            <canais-de-prestacao>
                <default>
                    <canal-de-prestacao tipo="e-mail">
                        <descricao>cnes.dejus@mj.gov.br</descricao>
                    </canal-de-prestacao>
                    <canal-de-prestacao tipo="postal">
                        <descricao>Os documentos a serem encaminhados pela entidade podem ser protocolados junto ao Protocolo Central do Ministério da Justiça, ou via postal com o seguinte endereçamento: Coordenação de Entidades Sociais - COESO: Ministério da Justiça - Esplanada dos Ministérios, Bloco T, anexo II, sala 211 – Brasília/DF – CEP: 70.064-900</descricao>
                    </canal-de-prestacao>
                    <canal-de-prestacao tipo="presencial">
                        <descricao>Central de Atendimento - Esplanada dos Ministérios, Ministério da Justiça, Bloco “T”, Anexo II, Térreo, Sala T3, Brasília – DF (preferencialmente com o protocolo de entrega ou de envio dos documentos).</descricao>
                    </canal-de-prestacao>
                </default>
            </canais-de-prestacao>
        </etapa>
    </etapas>
    <orgao id="http://estruturaorganizacional.dados.gov.br/id/unidade-organizacional/316"/>
    <segmentos-da-sociedade>
        <item>Empresas</item>
    </segmentos-da-sociedade>
    <areas-de-interesse>
        <item>Proteção social</item>
    </areas-de-interesse>
    <palavras-chave/>
    <legislacoes/>
</servico>
