<?xml version="1.0" encoding="UTF-8" standalone="no"?>
<servico xmlns="http://servicos.gov.br/v3/schema" xmlns:xsi="http://www.w3.org/2001/XMLSchema-instance" xsi:schemaLocation="http://servicos.gov.br/v3/schema ../servico.xsd">
    <nome>Autorização para comprar arma de fogo</nome>
    <sigla/>
    <nomes-populares/>
    <descricao>Documento que autoriza a compra de Arma de Fogo no comércio especializado.

* [Formulários](http://www.dpf.gov.br/servicos/armas/form-sinarm): Formulário de Requerimento Sinarm

* [Mais informações](http://www.dpf.gov.br/servicos/armas/aquisicao-de-arma-de-fogo): Documentação necessária para cargos públicos específicos

* [Localização das unidades](http://www.dpf.gov.br/institucional/pf-pelo-brasil/): Endereços de todas as unidades da Polícia Federal no país

* [Outros](http://www.dpf.gov.br/servicos/armas/anexos/certidoes-criminais-negativas): Forma de obtenção das certidões criminais negativas em cada localidade

* [Telefone](undefined): Mais informações: 194

* [Serviços relacionados](http://www.dpf.gov.br/servicos/armas/comunicacao-de-ocorrencias): Comunicação de ocorrências envolvendo Arma de Fogo

* [Serviços relacionados](http://www.dpf.gov.br/servicos/armas/registro-de-arma-de-fogo): Registro de Arma de Fogo

* [Mais informações](http://www.dpf.gov.br/servicos/armas/): Sobre Arma de Fogo</descricao>
    <gratuito/>
    <solicitantes/>
    <tempo-total-estimado>
        <descricao/>
    </tempo-total-estimado>
    <etapas>
        <etapa>
            <titulo/>
            <descricao/>
            <documentos>
                <default/>
            </documentos>
            <custos>
                <default/>
            </custos>
            <canais-de-prestacao>
                <default>
                    <canal-de-prestacao tipo="presencial">
                        <descricao>Dirigir-se a uma das unidades da Polícia Federal (vide "Localização das unidades") munido de requerimento preenchido e da documentação necessária.</descricao>
                    </canal-de-prestacao>
                </default>
            </canais-de-prestacao>
        </etapa>
    </etapas>
    <orgao id="http://estruturaorganizacional.dados.gov.br/id/unidade-organizacional/316"/>
    <segmentos-da-sociedade>
        <item>Cidadãos</item>
    </segmentos-da-sociedade>
    <areas-de-interesse>
        <item>Proteção social</item>
    </areas-de-interesse>
    <palavras-chave/>
    <legislacoes/>
</servico>
