<?xml version="1.0" encoding="UTF-8" standalone="no"?>
<servico xmlns="http://servicos.gov.br/v3/schema" xmlns:xsi="http://www.w3.org/2001/XMLSchema-instance" xsi:schemaLocation="http://servicos.gov.br/v3/schema ../servico.xsd">
    <nome>Autorizações (Especial e Prévia) - Produtos Químicos</nome>
    <sigla/>
    <nomes-populares/>
    <descricao>Autorização Especial - AE: É o documento que autoriza pessoa física ou jurídica a exercer atividade eventual com produtos químicos. Esta autorização permite apenas uma operação e tem validade de 60 (sessenta) dias condicionada a aprovação de cadastro e natureza da atividade econômica.

        Para obtê-la, é preciso preencher o formulário Anexo VIII da Portaria 1.274/2003 (Vide "Formulários") e entregá-lo juntamente com toda a documentação exigida em uma unidade da Polícia Federal (Vide "Presencial").

        Autorização Prévia - AP (Comércio Exterior): Documento que autoriza a pessoa, devidamente cadastrada e licenciada pela Polícia Federal, a importar, exportar ou reexportar produtos químicos sujeitos a controle e fiscalização. Essa autorização é intransferível, com validade de 60 (sessenta) dias, prorrogável uma vez por igual período, e permite apenas uma operação por produto.

        Para obter, preencha o formulário Anexo X da Portaria 1.274/2003 disponível na Internet (Vide "Formulários") e entregue-o juntamente com toda a documentação em uma unidade da Polícia Federal (Vide "Presencial") ou envie através de serviço de postagem (neste caso, o documento será protocolado pelo órgão central em Brasília).

        Importante:

        Ressaltamos que, além dos documentos necessário para obter a Autorização Prévia, é necessário que o interessado tenha também o Certificado de Registro Cadastral e o Certificado de Licença de Funcionamento (vide "Serviços Relacionados") ou Autorização Especial.

* [Telefone](undefined): Mais informações: 194

* [Formulários](http://www.dpf.gov.br/servicos/produtos-quimicos/cadastro-e-licenca/autorizacao-especial): Acesso ao Anexo VIII da Portaria 1.274/2003 (Autorização Especial)

* [Formulários](http://www.dpf.gov.br/servicos/produtos-quimicos/comercio-exterior/emissao-de-autorizacao-previa): Acesso ao Anexo X da Portaria 1.274/2003

* [Serviços relacionados](http://www.dpf.gov.br/servicos/produtos-quimicos/comercio-exterior/acompanhamento-de-processos): Acompanhamento de Requerimento de Comércio Exterior

* [Mais informações](undefined): Para Autorização prévia: comex.dcpq@dpf.gov.br

* [Outros](http://www.dpf.gov.br/servicos/produtos-quimicos/comercio-exterior/substitutiva-de-licenca-de-importacao): Autorização Prévia - Substitutiva - APS

* [Outros](http://www.dpf.gov.br/servicos/produtos-quimicos/comercio-exterior/alteracao-de-registro-de-exportacao): Autorização Prévia - Alteração - APA

* [Outros](http://www.dpf.gov.br/servicos/produtos-quimicos/comercio-exterior/prorrogacao-de-registro-licenca): Autorização Prévia - Prorrogação - APP

* [Serviços relacionados](http://www.dpf.gov.br/servicos/produtos-quimicos/cadastro-e-licenca/certificado-de-registro-cadastral): Certificado de Registro Cadastral - CRC

* [Serviços relacionados](http://www.dpf.gov.br/servicos/produtos-quimicos/cadastro-e-licenca/certificado-de-licenca-de-funcionamento): Certificado de Licença de Funcionamento - CLF

* [Serviços relacionados](http://www.dpf.gov.br/servicos/produtos-quimicos/consultas/acompanhamento-de-processos): Acompanhamento de processos

* [Serviços relacionados](http://www.dpf.gov.br/servicos/produtos-quimicos/cadastro-e-licenca/atualizacao-de-produtos-quimicos): Atualização Cadastral de Produtos Químicos - Inclusão / Exclusão</descricao>
    <gratuito/>
    <solicitantes/>
    <tempo-total-estimado>
        <descricao/>
    </tempo-total-estimado>
    <etapas>
        <etapa>
            <titulo/>
            <descricao/>
            <documentos>
                <default/>
            </documentos>
            <custos>
                <default/>
            </custos>
            <canais-de-prestacao>
                <default>
                    <canal-de-prestacao tipo="web">
                        <descricao>http://www.dpf.gov.br/institucional/pf-pelo-brasil</descricao>
                    </canal-de-prestacao>
                    <canal-de-prestacao tipo="postal">
                        <descricao>Para Autorização Prévia - Via Correios endereçado à: DIVISÃO DE CONTROLE DE PRODUTOS QUÍMICOS / DEPARTAMENTO DE POLÍCIA FEDERAL / COCEX. Endereço: EQSW 103/104, QUADRA 01, BLOCO A. SETOR SUDOESTE / CRUZEIRO. Brasília/DF. CEP: 70.670-350.</descricao>
                    </canal-de-prestacao>
                </default>
            </canais-de-prestacao>
        </etapa>
    </etapas>
    <orgao id="http://estruturaorganizacional.dados.gov.br/id/unidade-organizacional/324"/>
    <segmentos-da-sociedade>
        <item>Cidadãos</item>
        <item>Empresas</item>
    </segmentos-da-sociedade>
    <areas-de-interesse>
        <item>Proteção social</item>
    </areas-de-interesse>
    <palavras-chave/>
    <legislacoes/>
</servico>
