<?xml version="1.0" encoding="UTF-8" standalone="no"?>
<servico xmlns="http://servicos.gov.br/v3/schema" xmlns:xsi="http://www.w3.org/2001/XMLSchema-instance" xsi:schemaLocation="http://servicos.gov.br/v3/schema ../servico.xsd">
    <nome>Auxílio-Doença</nome>
    <sigla/>
    <nomes-populares/>
    <descricao>Benefício concedido ao segurado impedido de trabalhar por doença ou acidente por mais de 15 dias consecutivos. No caso dos trabalhadores com carteira assinada, os primeiros 15 dias são pagos pelo empregador, exceto o doméstico, e a Previdência Social paga a partir do 16º dia de afastamento do trabalho. Para os demais segurados inclusive o doméstico, a Previdência paga o auxílio desde o início da incapacidade e enquanto a mesma perdurar.</descricao>
    <gratuito/>
    <solicitantes/>
    <tempo-total-estimado>
        <descricao/>
    </tempo-total-estimado>
    <etapas>
        <etapa>
            <titulo/>
            <descricao/>
            <documentos>
                <default/>
            </documentos>
            <custos>
                <default/>
            </custos>
            <canais-de-prestacao>
                <default>
                    <canal-de-prestacao tipo="web-agendar">
                        <descricao>http://www2.dataprev.gov.br/sabiweb/agendamento/inicio.view</descricao>
                    </canal-de-prestacao>
                    <canal-de-prestacao tipo="presencial">
                        <descricao>Serviço prestado nas Agência da Previdência Social.</descricao>
                    </canal-de-prestacao>
                </default>
            </canais-de-prestacao>
        </etapa>
    </etapas>
    <orgao id="http://estruturaorganizacional.dados.gov.br/id/unidade-organizacional/1934"/>
    <segmentos-da-sociedade>
        <item>Cidadãos</item>
    </segmentos-da-sociedade>
    <areas-de-interesse>
        <item>Previdência Social</item>
    </areas-de-interesse>
    <palavras-chave/>
    <legislacoes/>
</servico>
