<?xml version="1.0" encoding="UTF-8" standalone="no"?>
<servico xmlns="http://servicos.gov.br/v3/schema" xmlns:xsi="http://www.w3.org/2001/XMLSchema-instance" xsi:schemaLocation="http://servicos.gov.br/v3/schema ../servico.xsd">
    <nome>Banco Internacional de Objetos Educacionais</nome>
    <sigla/>
    <nomes-populares/>
    <descricao>Este Repositório possui objetos educacionais de acesso público, em vários formatos e para todos os níveis de ensino. Acesse os objetos isoladamente ou em coleções. Nesse momento o Banco possui 19.676 objetos publicados, 143 sendo avaliados ou aguardando autorização dos autores para a publicação e um total de 4.508.809 visitas de 183 países.</descricao>
    <gratuito/>
    <solicitantes/>
    <tempo-total-estimado>
        <descricao/>
    </tempo-total-estimado>
    <etapas>
        <etapa>
            <titulo/>
            <descricao/>
            <documentos>
                <default/>
            </documentos>
            <custos>
                <default/>
            </custos>
            <canais-de-prestacao>
                <default>
                    <canal-de-prestacao tipo="web">
                        <descricao>http://objetoseducacionais2.mec.gov.br/</descricao>
                    </canal-de-prestacao>
                </default>
            </canais-de-prestacao>
        </etapa>
    </etapas>
    <orgao id="http://estruturaorganizacional.dados.gov.br/id/unidade-organizacional/244"/>
    <segmentos-da-sociedade/>
    <areas-de-interesse>
        <item>Educação superior</item>
        <item>Educação à distância</item>
        <item>Educação básica</item>
        <item>Profissionais da educação</item>
        <item>Educação</item>
    </areas-de-interesse>
    <palavras-chave/>
    <legislacoes/>
</servico>
