<?xml version="1.0" encoding="UTF-8" standalone="no"?>
<servico xmlns="http://servicos.gov.br/v3/schema" xmlns:xsi="http://www.w3.org/2001/XMLSchema-instance" xsi:schemaLocation="http://servicos.gov.br/v3/schema ../servico.xsd">
    <nome>Benefício de Prestação Continuada - BPC</nome>
    <sigla/>
    <nomes-populares/>
    <descricao>O Benefício de Prestação Continuada (BPC) é a garantia de um salário mínimo mensal à pessoa com deficiência e ao idoso com 65 anos ou mais, que comprovem não possuir meios de garantir o próprio sustento, nem podem ser sustentados pela família. Para ter direito ao BPC, a renda mensal familiar deve ser menor que ¼ (um quarto) do salário mínimo por pessoa.

Há duas formas de solicitar o BPC: a pessoa pode agendar o atendimento diretamente ao Instituto Nacional do Seguro Social (INSS), pelo telefone 135 (ligação gratuita) e pela internet pelo site www.previdenciasocial.gov.br, ou, se preferir, o cidadão pode procurar o Cras mais próximo de sua casa, onde receberá auxílio e orientação para fazer o agendamento em uma Agência da Previdência Social.

* [Localização das unidades](http://aplicacoes.mds.gov.br/sagi/FerramentasSAGI/Mops/): Neste site você pode localizar o CRAS mais perto de sua residência. Esses dados podem ser
                localizados no mapa, basta escolher o seu Estado e o seu Município.</descricao>
    <gratuito/>
    <solicitantes/>
    <tempo-total-estimado>
        <descricao/>
    </tempo-total-estimado>
    <etapas>
        <etapa>
            <titulo/>
            <descricao/>
            <documentos>
                <default/>
            </documentos>
            <custos>
                <default/>
            </custos>
            <canais-de-prestacao>
                <default>
                    <canal-de-prestacao tipo="web-agendar">
                        <descricao>http://www2.dataprev.gov.br/prevagenda/OpcaoInicialTela.view</descricao>
                    </canal-de-prestacao>
                    <canal-de-prestacao tipo="presencial">
                        <descricao>Você deve agendar o atendimento, por isso procure o Centro de Referência da Assistência Social - CRAS mais próximo da sua residência ou agende pela internet.</descricao>
                    </canal-de-prestacao>
                </default>
            </canais-de-prestacao>
        </etapa>
    </etapas>
    <orgao id="http://estruturaorganizacional.dados.gov.br/id/unidade-organizacional/1945"/>
    <segmentos-da-sociedade>
        <item>Cidadãos</item>
    </segmentos-da-sociedade>
    <areas-de-interesse>
        <item>Previdência Social</item>
    </areas-de-interesse>
    <palavras-chave/>
    <legislacoes/>
</servico>
