<?xml version="1.0" encoding="UTF-8" standalone="no"?>
<servico xmlns="http://servicos.gov.br/v3/schema" xmlns:xsi="http://www.w3.org/2001/XMLSchema-instance" xsi:schemaLocation="http://servicos.gov.br/v3/schema ../servico.xsd">
    <nome>Benefício de Prestação Continuada</nome>
    <sigla/>
    <nomes-populares/>
    <descricao>Benefício de assistência social, integrante do Sistema Único da Assistência Social – SUAS, pago pelo Governo Federal, cuja a operacionaliização do reconhecimento do direito é do Instituto Nacional do Seguro Social – INSS e assegurado por lei, que permite o acesso de idosos e pessoas com deficiência às condições mínimas de uma vida digna.</descricao>
    <gratuito/>
    <solicitantes/>
    <tempo-total-estimado>
        <descricao/>
    </tempo-total-estimado>
    <etapas>
        <etapa>
            <titulo/>
            <descricao/>
            <documentos>
                <default/>
            </documentos>
            <custos>
                <default/>
            </custos>
            <canais-de-prestacao>
                <default>
                    <canal-de-prestacao tipo="web-agendar">
                        <descricao>http://www2.dataprev.gov.br/prevagenda/OpcaoInicialTela.view</descricao>
                    </canal-de-prestacao>
                    <canal-de-prestacao tipo="presencial">
                        <descricao>Serviços prestado nas Agências da Previdência Social.</descricao>
                    </canal-de-prestacao>
                </default>
            </canais-de-prestacao>
        </etapa>
    </etapas>
    <orgao id="http://estruturaorganizacional.dados.gov.br/id/unidade-organizacional/1930"/>
    <segmentos-da-sociedade>
        <item>Cidadãos</item>
    </segmentos-da-sociedade>
    <areas-de-interesse>
        <item>Previdência Social</item>
    </areas-de-interesse>
    <palavras-chave/>
    <legislacoes/>
</servico>
