<?xml version="1.0" encoding="UTF-8" standalone="no"?>
<servico xmlns="http://servicos.gov.br/v3/schema" xmlns:xsi="http://www.w3.org/2001/XMLSchema-instance" xsi:schemaLocation="http://servicos.gov.br/v3/schema ../servico.xsd">
    <nome>Biblioteca Digital do Desenvolvimento - BibSPI</nome>
    <sigla/>
    <nomes-populares/>
    <descricao>A Biblioteca Digital do Desenvolvimento (BibSPI) é um serviço que centraliza conteúdos, de acesso livre e em formato digital, sobre o planejamento público para o desenvolvimento do Brasil. Ela disponibiliza publicações de vários órgãos das esferas federal, estadual e municipal, entre eles: planos de governo, relatórios, projetos, textos para discussões e artigos, entre outros, que estão organizados em 89 coleções temáticas. O conteúdo pode ser pesquisado por texto livre, ou por coleção, data, autor, título, assunto, além de busca avançada por campos de pesquisa escolhidos pelo usuário.</descricao>
    <gratuito>true</gratuito>
    <solicitantes>
        <solicitante>
            <tipo/>
            <requisitos>Não há necessidade de cadastro do usuário para acesso. O conteúdo disponibilizado na BibSPI é livre.</requisitos>
        </solicitante>
    </solicitantes>
    <tempo-total-estimado>
        <descricao/>
    </tempo-total-estimado>
    <etapas>
        <etapa>
            <titulo/>
            <descricao/>
            <documentos>
                <default/>
            </documentos>
            <custos>
                <default/>
            </custos>
            <canais-de-prestacao>
                <default>
                    <canal-de-prestacao tipo="web">
                        <descricao>http://bibspi.planejamento.gov.br</descricao>
                    </canal-de-prestacao>
                </default>
            </canais-de-prestacao>
        </etapa>
    </etapas>
    <orgao id="http://estruturaorganizacional.dados.gov.br/id/unidade-organizacional/2981"/>
    <segmentos-da-sociedade/>
    <areas-de-interesse>
        <item>Comércio e Serviços</item>
        <item>Urbanismo</item>
        <item>Previdência Social</item>
        <item>Transportes</item>
        <item>Trabalho</item>
        <item>Esporte e Lazer</item>
        <item>Meio ambiente</item>
        <item>Proteção social</item>
        <item>Relações Internacionais</item>
        <item>Saúde</item>
        <item>Educação</item>
        <item>Segurança e Ordem Pública</item>
        <item>Comunicações</item>
        <item>Habitação</item>
        <item>Indústria</item>
        <item>Economia e Finanças</item>
        <item>Agropecuária</item>
    </areas-de-interesse>
    <palavras-chave>
        <item>Biblioteca</item>
        <item>Biblioteca digital</item>
        <item>Desenvolvimento</item>
        <item>Planejamento</item>
        <item>Planejamento público</item>
        <item>Planejamento federal</item>
        <item>Repositório</item>
    </palavras-chave>
    <legislacoes/>
</servico>
