<?xml version="1.0" encoding="UTF-8" standalone="no"?>
<servico xmlns="http://servicos.gov.br/v3/schema" xmlns:xsi="http://www.w3.org/2001/XMLSchema-instance" xsi:schemaLocation="http://servicos.gov.br/v3/schema ../servico.xsd">
    <nome>Cadastro de Dispositivos Móveis (DIRPF - Declaração do Imposto sobre a Renda da Pessoa Física / Declarações
        e Demonstrativos)</nome>
    <sigla/>
    <nomes-populares/>
    <descricao>Cadastrar no Portal e-CAC os dispositivos móveis (celular e tablet) que poderão ser utilizados para acessar o serviço "Pagando Imposto".

O cadastramento estará disponível para o contribuinte que tem "imposto de renda a pagar" no link "Para autorizar o acesso às cotas e à impressão do Darf, através de um dispositivo móvel (tablet ou smartphones) clique aqui”, localizado dentro do “Extrato do Processamento da DIRPF”, “Extrato” item "Demonstrativo de Débitos da Declaração".</descricao>
    <gratuito/>
    <solicitantes/>
    <tempo-total-estimado>
        <descricao/>
    </tempo-total-estimado>
    <etapas>
        <etapa>
            <titulo/>
            <descricao/>
            <documentos>
                <default/>
            </documentos>
            <custos>
                <default/>
            </custos>
            <canais-de-prestacao>
                <default>
                    <canal-de-prestacao tipo="web">
                        <descricao>http://www.receita.fazenda.gov.br/aplicacoes/atbhe/tus/servico.aspx?id=522</descricao>
                    </canal-de-prestacao>
                    <canal-de-prestacao tipo="web">
                        <descricao>[Endereço eletrônico do serviço](https://cav.receita.fazenda.gov.br/eCAC/publico/login.aspx?sistema=00011)</descricao>
                    </canal-de-prestacao>
                </default>
            </canais-de-prestacao>
        </etapa>
    </etapas>
    <orgao id="http://estruturaorganizacional.dados.gov.br/id/unidade-organizacional/77"/>
    <segmentos-da-sociedade>
        <item>Cidadãos</item>
    </segmentos-da-sociedade>
    <areas-de-interesse>
        <item>Economia e Finanças</item>
    </areas-de-interesse>
    <palavras-chave/>
    <legislacoes/>
</servico>
