<?xml version="1.0" encoding="UTF-8" standalone="no"?>
<servico xmlns="http://servicos.gov.br/v3/schema" xmlns:xsi="http://www.w3.org/2001/XMLSchema-instance" xsi:schemaLocation="http://servicos.gov.br/v3/schema ../servico.xsd">
    <nome>Cadastro Nacional de Entidades Sindicais – CNES</nome>
    <sigla/>
    <nomes-populares/>
    <descricao>Possibilita elaborar pedido de registro ou de alteração estatutária de entidade sindical e consultar entidades sindicais registradas, conforme Portaria/MTE n.º 326/2013.</descricao>
    <gratuito/>
    <solicitantes/>
    <tempo-total-estimado>
        <descricao/>
    </tempo-total-estimado>
    <etapas>
        <etapa>
            <titulo/>
            <descricao/>
            <documentos>
                <default/>
            </documentos>
            <custos>
                <default/>
            </custos>
            <canais-de-prestacao>
                <default>
                    <canal-de-prestacao tipo="web">
                        <descricao>http://portal.mte.gov.br/cnes/atualizacao-de-dados-perene-sd.htm</descricao>
                    </canal-de-prestacao>
                    <canal-de-prestacao tipo="web">
                        <descricao>[Recadastrar a entidade sindical.](http://portal.mte.gov.br/cnes/campanha-de-atualizacao-sindical-sr.htm)</descricao>
                    </canal-de-prestacao>
                    <canal-de-prestacao tipo="web">
                        <descricao>[Consultar a fila de distribuição de processos de registro sindical para análise.](http://www3.mte.gov.br/sistemas/sdp/consultadistribuicao.aspx)</descricao>
                    </canal-de-prestacao>
                    <canal-de-prestacao tipo="web">
                        <descricao>[Solicitar Registro de Entidade Sindical - CNES.](http://portal.mte.gov.br/cnes/registro-sindical-sc.htm)</descricao>
                    </canal-de-prestacao>
                    <canal-de-prestacao tipo="web">
                        <descricao>[Solicitar Registro de Alteração Estatutária de Entidade Sindical - CNES.](http://portal.mte.gov.br/cnes/alteracao-estatutaria.htm)</descricao>
                    </canal-de-prestacao>
                </default>
            </canais-de-prestacao>
        </etapa>
    </etapas>
    <orgao id="http://estruturaorganizacional.dados.gov.br/id/unidade-organizacional/2844"/>
    <segmentos-da-sociedade>
        <item>Cidadãos</item>
        <item>Empresas</item>
    </segmentos-da-sociedade>
    <areas-de-interesse>
        <item>Trabalho</item>
    </areas-de-interesse>
    <palavras-chave/>
    <legislacoes/>
</servico>
