<?xml version="1.0" encoding="UTF-8" standalone="no"?>
<servico xmlns="http://servicos.gov.br/v3/schema" xmlns:xsi="http://www.w3.org/2001/XMLSchema-instance" xsi:schemaLocation="http://servicos.gov.br/v3/schema ../servico.xsd">
    <nome>Cadastramento e vistoria de empresas que atuam no transporte internacional de cargas e/ou passageiros</nome>
    <sigla/>
    <nomes-populares/>
    <descricao>Cadastramento e vistoria anual de empresas que atuam no transporte internacional aéreo, marítimo, fluvial e terrestre de cargas e/ou passageiros.

* [Localização das unidades](http://www.dpf.gov.br/institucional/pf-pelo-brasil/): Endereços das Unidades da Polícia Federal no Brasil.</descricao>
    <gratuito/>
    <solicitantes/>
    <tempo-total-estimado>
        <descricao/>
    </tempo-total-estimado>
    <etapas>
        <etapa>
            <titulo/>
            <descricao/>
            <documentos>
                <default/>
            </documentos>
            <custos>
                <default/>
            </custos>
            <canais-de-prestacao>
                <default>
                    <canal-de-prestacao tipo="presencial">
                        <descricao>Unidades da Polícia Federal - Superintendências Regionais (vide "Localização das unidades").</descricao>
                    </canal-de-prestacao>
                </default>
            </canais-de-prestacao>
        </etapa>
    </etapas>
    <orgao id="http://estruturaorganizacional.dados.gov.br/id/unidade-organizacional/324"/>
    <segmentos-da-sociedade>
        <item>Empresas</item>
    </segmentos-da-sociedade>
    <areas-de-interesse>
        <item>Relações Internacionais</item>
    </areas-de-interesse>
    <palavras-chave/>
    <legislacoes/>
</servico>
