<?xml version="1.0" encoding="UTF-8" standalone="no"?>
<servico xmlns="http://servicos.gov.br/v3/schema" xmlns:xsi="http://www.w3.org/2001/XMLSchema-instance" xsi:schemaLocation="http://servicos.gov.br/v3/schema ../servico.xsd">
    <nome>Cadastro Único para Programas Sociais do Governo Federal</nome>
    <sigla/>
    <nomes-populares/>
    <descricao>O Cadastro Único é um banco de dados que foi criado para o Governo Federal saber melhor quem são e como vivem as famílias brasileiras mais pobres. É por meio dele que o governo consegue entender quais são as principais dificuldades que a sua família enfrenta e como pode ajudar a melhorar as suas condições de vida. No Cadastro Único temos dados sobre renda,tipo de moradia,escolaridade,idade,e outros. O cadastro deve ser atualizado a cada dois anos ou sempre que houver uma mudança na situação da sua família. Podem ser cadastradas as famílias de baixa renda que ganham até meio salário mínimo mensal por pessoa; ou que ganham até 3 salários mínimos de renda total por mês.

Para sua família ser beneficiada por programas como o Bolsa Família, a Tarifa Social de Energia Elétrica e o Telefone Popular, entre outros, ela deve estar inscrita no Cadastro Único. Mas é importante saber que estar no Cadastro Único não significa a entrada automática nestes programas, pois cada um deles tem suas regras.

* [Cartilhas e Manuais](http://www.mds.gov.br/biblioteca/secretaria-nacional-de-renda-de-cidadania-senarc/cartilhas/cartilha-do-cadastro-unico/cadastro-unico): Na Cartilha do Cadastro Único você encontra outras informações para a inscrição, como se calcula
                a renda mensal familiar e alguns dos programas sociais do Governo Federal que utilizam o cadastro para
                selecionar seus beneficiários (artigo em PDF, 591 Kb)

* [Localização das unidades](http://aplicacoes.mds.gov.br/sagi/FerramentasSAGI/Mops/): Localize o CRAS mais perto de sua residência</descricao>
    <gratuito/>
    <solicitantes/>
    <tempo-total-estimado>
        <descricao/>
    </tempo-total-estimado>
    <etapas>
        <etapa>
            <titulo/>
            <descricao/>
            <documentos>
                <default/>
            </documentos>
            <custos>
                <default/>
            </custos>
            <canais-de-prestacao>
                <default>
                    <canal-de-prestacao tipo="presencial">
                        <descricao>Para se inscrever no Cadastro Único você deve procurar o Centro de Referência da Assistência Social - CRAS ou a Prefeitura do seu município</descricao>
                    </canal-de-prestacao>
                </default>
            </canais-de-prestacao>
        </etapa>
    </etapas>
    <orgao id="http://estruturaorganizacional.dados.gov.br/id/unidade-organizacional/1945"/>
    <segmentos-da-sociedade>
        <item>Cidadãos</item>
    </segmentos-da-sociedade>
    <areas-de-interesse>
        <item>Proteção social</item>
    </areas-de-interesse>
    <palavras-chave/>
    <legislacoes/>
</servico>
