<?xml version="1.0" encoding="UTF-8" standalone="no"?>
<servico xmlns="http://servicos.gov.br/v3/schema" xmlns:xsi="http://www.w3.org/2001/XMLSchema-instance" xsi:schemaLocation="http://servicos.gov.br/v3/schema ../servico.xsd">
    <nome>Cadastro de Procuração para o Portal e-CAC – Presencial</nome>
    <sigla/>
    <nomes-populares/>
    <descricao>Cadastrar, consultar e cancelar procuração, que delega a terceiro, possuidor de certificado digital, a
        realização de serviços dentro do portal e-CAC. Não há necessidade de o outorgante possuir certificado digital
        para constituir a procuração. No caso do cadastro e cancelamento, o documento impresso deve ser entregue na
        unidade de atendimento presencial, conforme orientações gerais. Não há necessidade de o outorgante possuir
        certificado digital para constituir a procuração.</descricao>
    <gratuito/>
    <solicitantes/>
    <tempo-total-estimado>
        <descricao/>
    </tempo-total-estimado>
    <etapas>
        <etapa>
            <titulo/>
            <descricao/>
            <documentos>
                <default/>
            </documentos>
            <custos>
                <default/>
            </custos>
            <canais-de-prestacao>
                <default>
                    <canal-de-prestacao tipo="web">
                        <descricao>http://www.receita.fazenda.gov.br/Aplicacoes/ATSDR/procuracoesrfb/controlador/controlePrincipal.asp?acao=telaInicial</descricao>
                    </canal-de-prestacao>
                </default>
            </canais-de-prestacao>
        </etapa>
    </etapas>
    <orgao id="http://estruturaorganizacional.dados.gov.br/id/unidade-organizacional/77"/>
    <segmentos-da-sociedade>
        <item>Cidadãos</item>
        <item>Empresas</item>
    </segmentos-da-sociedade>
    <areas-de-interesse>
        <item>Economia e Finanças</item>
    </areas-de-interesse>
    <palavras-chave/>
    <legislacoes/>
</servico>
