<?xml version="1.0" encoding="UTF-8" standalone="no"?>
<servico xmlns="http://servicos.gov.br/v3/schema" xmlns:xsi="http://www.w3.org/2001/XMLSchema-instance" xsi:schemaLocation="http://servicos.gov.br/v3/schema ../servico.xsd">
    <nome>Cadastramento de Prestadores de Serviços Turísticos</nome>
    <sigla/>
    <nomes-populares/>
    <descricao>Sistema de cadastro de pessoas físicas e jurídicas que atuam na cadeia produtiva do turismo (CADASTUR), executado pelo Ministério do Turismo, em parceria com os Órgãos Oficiais de Turismo das Unidades da Federação.

O Sistema recebe cadastros obrigatórios dos prestadores de serviços turísticos das seguintes atividades: Meios de Hospedagem (albergue, condo-hotel, flat, hotel urbano, hotel de selva, hotel fazenda, hotel histórico, pousada, resort e cama &amp; café); Agências de Turismo; Transportadoras Turísticas; Organizadoras de Eventos; Parques Temáticos; Acampamentos Turísticos (Camping); e Guias de Turismo.

Em caráter opcional, também poderão se cadastrar: Restaurantes, Cafeterias e Bares; Centros de Convenções; Parques Aquáticos; Estruturas de Apoio ao Turismo Náutico; Casas de Espetáculo; Prestadoras de Serviços de Infraestrutura para Eventos; Locadoras de Veículos para Turistas; Prestadoras Especializadas em Segmentos Turísticos.

O cadastro permite a participação em eventos, feiras e ações realizados pelo Ministério do Turismo e pela Embratur e acesso a linhas de financiamento específicas para o turismo, por meio de bancos oficiais, além da participação em programas de qualificação promovidos e apoiados pelo Ministério do Turismo.

Conforme disposto nos artigos 21 e 22 da Lei n.º 11.771, de 17 de setembro de 2008, o cadastro tornou-se obrigatório e contempla os prestadores de serviços turísticos constituídos na forma de empresário individual, as sociedades empresárias, sociedades simples e os serviços sociais autônomos que prestem serviços turísticos remunerados e que exerçam atividades econômicas relacionadas à cadeia produtiva do turismo.

* Telefone: Dúvidas sobre o cadastro podem ser esclarecidas com a nossa central de atendimento: 0800 6068484
* [Cartilhas e Manuais](http://www.cadastur.turismo.gov.br/cadastur/_jsp/jsp/manuais/manual-usuario-cadastur.pdf): Manual de Orientações para Cadastramento dos Prestadores de Serviços Turísticos no Ministério do
                Turismo</descricao>
    <gratuito/>
    <solicitantes/>
    <tempo-total-estimado>
        <descricao/>
    </tempo-total-estimado>
    <etapas>
        <etapa>
            <titulo/>
            <descricao/>
            <documentos>
                <default/>
            </documentos>
            <custos>
                <default/>
            </custos>
            <canais-de-prestacao>
                <default>
                    <canal-de-prestacao tipo="web">
                        <descricao>http://www.cadastur.turismo.gov.br</descricao>
                    </canal-de-prestacao>
                </default>
            </canais-de-prestacao>
        </etapa>
    </etapas>
    <orgao id="http://estruturaorganizacional.dados.gov.br/id/unidade-organizacional/72084"/>
    <segmentos-da-sociedade>
        <item>Empresas</item>
    </segmentos-da-sociedade>
    <areas-de-interesse>
        <item>Comércio e Serviços</item>
        <item>Turismo</item>
    </areas-de-interesse>
    <palavras-chave/>
    <legislacoes/>
</servico>
