<?xml version="1.0" encoding="UTF-8" standalone="no"?>
<servico xmlns="http://servicos.gov.br/v3/schema" xmlns:xsi="http://www.w3.org/2001/XMLSchema-instance" xsi:schemaLocation="http://servicos.gov.br/v3/schema ../servico.xsd">
    <nome>Cadastramento de Senha para envio de Demonstrativos e Comprovante de Repasse Previdenciários</nome>
    <sigla/>
    <nomes-populares/>
    <descricao>Tem como objetivo liberar senha para os representantes legais dos entes federativos, da Unidade Gestora e de seus servidores para o envio de demonstrativos e comprovante de repasse, visualização de CRP de todos os municípios de um estado e consultas relativas a aplicações e investimentos.

* [Telefone](undefined): Ligue 135 para obter mais informações.</descricao>
    <gratuito/>
    <solicitantes/>
    <tempo-total-estimado>
        <descricao/>
    </tempo-total-estimado>
    <etapas>
        <etapa>
            <titulo/>
            <descricao/>
            <documentos>
                <default/>
            </documentos>
            <custos>
                <default/>
            </custos>
            <canais-de-prestacao>
                <default>
                    <canal-de-prestacao tipo="web">
                        <descricao>http://www1.previdencia.gov.br/sps/app/controleAcesso/cAcesso_login.asp?destino=CR</descricao>
                    </canal-de-prestacao>
                </default>
            </canais-de-prestacao>
        </etapa>
    </etapas>
    <orgao id="http://estruturaorganizacional.dados.gov.br/id/unidade-organizacional/1930"/>
    <segmentos-da-sociedade>
        <item>Empresas</item>
    </segmentos-da-sociedade>
    <areas-de-interesse>
        <item>Previdência Social</item>
    </areas-de-interesse>
    <palavras-chave/>
    <legislacoes/>
</servico>
