<?xml version="1.0" encoding="UTF-8" standalone="no"?>
<servico xmlns="http://servicos.gov.br/v3/schema" xmlns:xsi="http://www.w3.org/2001/XMLSchema-instance" xsi:schemaLocation="http://servicos.gov.br/v3/schema ../servico.xsd">
    <nome>Cadastro de instituições financeiras</nome>
    <sigla/>
    <nomes-populares/>
    <descricao>Mostra todas as instituições financeiras autorizadas a funcionar pelo Banco Central do Brasil, como bancos, cooperativas e administradoras de consórcio. É possível pesquisar pelo nome da instituição ou do conglomerado financeiro ao qual ela pertence. Mostra ainda as tarifas, os administradores, os dados cadastrais e as informações contábeis de cada instituição.</descricao>
    <gratuito/>
    <solicitantes/>
    <tempo-total-estimado>
        <descricao/>
    </tempo-total-estimado>
    <etapas>
        <etapa>
            <titulo/>
            <descricao/>
            <documentos>
                <default/>
            </documentos>
            <custos>
                <default/>
            </custos>
            <canais-de-prestacao>
                <default>
                    <canal-de-prestacao tipo="web">
                        <descricao>http://www.bc.gov.br/?IF</descricao>
                    </canal-de-prestacao>
                </default>
            </canais-de-prestacao>
        </etapa>
    </etapas>
    <orgao id="http://estruturaorganizacional.dados.gov.br/id/unidade-organizacional/89"/>
    <segmentos-da-sociedade>
        <item>Cidadãos</item>
        <item>Empresas</item>
    </segmentos-da-sociedade>
    <areas-de-interesse>
        <item>Encargos financeiros</item>
        <item>Finanças</item>
        <item>Administração financeira</item>
        <item>Economia e Finanças</item>
    </areas-de-interesse>
    <palavras-chave/>
    <legislacoes/>
</servico>
