<?xml version="1.0" encoding="UTF-8" standalone="no"?>
<servico xmlns="http://servicos.gov.br/v3/schema" xmlns:xsi="http://www.w3.org/2001/XMLSchema-instance" xsi:schemaLocation="http://servicos.gov.br/v3/schema ../servico.xsd">
    <nome>Cadastramento da Comunicação de Acidente de Trabalho (CAT)</nome>
    <sigla/>
    <nomes-populares/>
    <descricao>Possibilita cadastrar a "Comunicação de Acidente de Trabalho - CAT" junto ao INSS, para facilitar e agilizar o registro dos Acidentes de Trabalho e das Doenças Ocupacionais, pelo Empregador, havendo ou não afastamento do trabalho por parte do acidentado. A aplicação permite também imprimir o formulário da CAT em branco para preenchimento das informações do Empregador, do Acidentado, do Acidente e do Atestado Médico.

- Telefone: Ligue 135 para obter maiores informações.</descricao>
    <gratuito/>
    <solicitantes/>
    <tempo-total-estimado>
        <descricao/>
    </tempo-total-estimado>
    <etapas>
        <etapa>
            <titulo/>
            <descricao/>
            <documentos>
                <default/>
            </documentos>
            <custos>
                <default/>
            </custos>
            <canais-de-prestacao>
                <default>
                    <canal-de-prestacao tipo="web">
                        <descricao>http://www.dataprev.gov.br/servicos/cat/cat.shtm</descricao>
                    </canal-de-prestacao>
                </default>
            </canais-de-prestacao>
        </etapa>
    </etapas>
    <orgao id="http://estruturaorganizacional.dados.gov.br/id/unidade-organizacional/2844"/>
    <segmentos-da-sociedade>
        <item>Empresas</item>
    </segmentos-da-sociedade>
    <areas-de-interesse>
        <item>Previdência Social</item>
    </areas-de-interesse>
    <palavras-chave/>
    <legislacoes/>
</servico>
