<?xml version="1.0" encoding="UTF-8" standalone="no"?>
<servico xmlns="http://servicos.gov.br/v3/schema" xmlns:xsi="http://www.w3.org/2001/XMLSchema-instance" xsi:schemaLocation="http://servicos.gov.br/v3/schema ../servico.xsd">
    <nome>Cadastro no SICAF</nome>
    <sigla/>
    <nomes-populares/>
    <descricao>O serviço tem como finalidade cadastrar e habilitar parcialmente pessoas físicas ou jurídicas, interessadas em participar de licitações realizadas por órgãos/entidades do Poder Executivo Federal, bem como acompanhar o desempenho dos fornecimentos contratados.</descricao>
    <gratuito/>
    <solicitantes/>
    <tempo-total-estimado>
        <descricao/>
    </tempo-total-estimado>
    <etapas>
        <etapa>
            <titulo/>
            <descricao/>
            <documentos>
                <default/>
            </documentos>
            <custos>
                <default/>
            </custos>
            <canais-de-prestacao>
                <default>
                    <canal-de-prestacao tipo="web">
                        <descricao>https://www.comprasnet.gov.br/seguro/index.asp?login=0</descricao>
                    </canal-de-prestacao>
                    <canal-de-prestacao tipo="e-mail">
                        <descricao>cogrl.df.spoa@fazenda.gov.br</descricao>
                    </canal-de-prestacao>
                </default>
            </canais-de-prestacao>
        </etapa>
    </etapas>
    <orgao id="http://estruturaorganizacional.dados.gov.br/id/unidade-organizacional/1929"/>
    <segmentos-da-sociedade>
        <item>Cidadãos</item>
        <item>Empresas</item>
    </segmentos-da-sociedade>
    <areas-de-interesse>
        <item>Urbanismo</item>
    </areas-de-interesse>
    <palavras-chave/>
    <legislacoes/>
</servico>
