<?xml version="1.0" encoding="UTF-8" standalone="no"?>
<servico xmlns="http://servicos.gov.br/v3/schema" xmlns:xsi="http://www.w3.org/2001/XMLSchema-instance" xsi:schemaLocation="http://servicos.gov.br/v3/schema ../servico.xsd">
    <nome>Cadastramento de entidades que atuam em adoção internacional de crianças e adolescentes brasileiros</nome>
    <sigla/>
    <nomes-populares/>
    <descricao>Monitorar o Sistema de Gerenciamento de Adoção Internacional – SIGAI, a análise e auditoria da emissão de passaportes para todo menor adotado (em adoção internacional), bem como a emissão e renovação de certificados para entidades que atuam em adoção internacional no Brasil.

1. Cadastro e controle das entidades de adoção internacional;
2. Emissão e renovação de certificados para entidades que atuam em adoção internacional no Brasil;
3. Cadastro e controle dos representantes da entidade de adoção internacional;
4. Controle das adoções internacionais de crianças e adolescentes brasileiros.

O serviço é prestado somente pelo sítio do Departamento de Polícia Federal.

Após o preenchimento do formulário (vide "Formulários"), é necessário o comparecimento à unidade da Polícia Federal de sua região para dar entrada no processo.

No site da Polícia Federal constam os endereços de todas as unidades descentralizadas da Polícia Federal, as quais poderão atuar no cadastramento de entidade (vide "Localização das unidades").

* [Telefone](undefined): Em caso de dúvidas sobre Entidades de Adoção Internacional, é possível ligar para a Central de
                Atendimento: 194

* [Outros](undefined): Em caso de dúvidas sobre Entidades de Adoção Internacional, é possível enviar email para:
                faleconosco@dpf.gov.br

* [Localização das unidades](http://www.dpf.gov.br/institucional/pf-pelo-brasil): Endereços de todas as unidades da Polícia Federal.

* [Formulários](https://www7.dpf.gov.br/sigai-internet/exibirOperacao.do?dispatcher=solicitarCadastramentoEntidade): Formulário de solicitação de cadastramento.

* [Mais informações](http://www.dpf.gov.br/servicos/adocao-internacional/portarias): Sobre a documentação necessária (Portaria 815/99-DG/DPF, de 28 de julho de 1999).</descricao>
    <gratuito/>
    <solicitantes/>
    <tempo-total-estimado>
        <descricao/>
    </tempo-total-estimado>
    <etapas>
        <etapa>
            <titulo/>
            <descricao/>
            <documentos>
                <default/>
            </documentos>
            <custos>
                <default/>
            </custos>
            <canais-de-prestacao>
                <default>
                    <canal-de-prestacao tipo="web">
                        <descricao>http://www.dpf.gov.br/servicos/adocao-internacional/</descricao>
                    </canal-de-prestacao>
                </default>
            </canais-de-prestacao>
        </etapa>
    </etapas>
    <orgao id="http://estruturaorganizacional.dados.gov.br/id/unidade-organizacional/324"/>
    <segmentos-da-sociedade>
        <item>Empresas</item>
    </segmentos-da-sociedade>
    <areas-de-interesse>
        <item>Proteção social</item>
    </areas-de-interesse>
    <palavras-chave/>
    <legislacoes/>
</servico>
