<?xml version="1.0" encoding="UTF-8" standalone="no"?>
<servico xmlns="http://servicos.gov.br/v3/schema" xmlns:xsi="http://www.w3.org/2001/XMLSchema-instance" xsi:schemaLocation="http://servicos.gov.br/v3/schema ../servico.xsd">
    <nome>CarlosTeste2</nome>
    <sigla>CT2</sigla>
    <nomes-populares>
        <item>Carlos</item>
        <item>Teste</item>
    </nomes-populares>
    <descricao>Teste de serviço</descricao>
    <gratuito>false</gratuito>
    <solicitantes>
        <solicitante>
            <tipo>Idosos</tipo>
            <requisitos>Maiores de 65 anos</requisitos>
        </solicitante>
        <solicitante>
            <tipo>Estudantes</tipo>
            <requisitos>Alunos de cursos regulares</requisitos>
        </solicitante>
    </solicitantes>
    <tempo-total-estimado>
        <ate max="1" unidade="minutos"/>
        <descricao>teste</descricao>
    </tempo-total-estimado>
    <etapas>
        <etapa>
            <titulo>Agendamento</titulo>
            <descricao>agendar no site</descricao>
            <documentos>
                <default>
                    <item>RG</item>
                    <item>CPF</item>
                </default>
                <caso descricao="Incapaz">
                    <item>Autorização do responsável</item>
                </caso>
            </documentos>
            <custos>
                <default>
                    <custo>
                        <descricao>Taxa</descricao>
                        <moeda/>
                        <valor>180,00</valor>
                    </custo>
                </default>
            </custos>
            <canais-de-prestacao>
                <default>
                    <canal-de-prestacao tipo="web">
                        <descricao>http://www.agendamento.gov.br</descricao>
                    </canal-de-prestacao>
                    <canal-de-prestacao tipo="e-mail">
                        <descricao>Solicitar pelo seguinte email: agendamento@agendamento.gov.br</descricao>
                    </canal-de-prestacao>
                </default>
            </canais-de-prestacao>
        </etapa>
        <etapa>
            <titulo>Atendimento presencial</titulo>
            <descricao>atendimento presencial</descricao>
            <documentos>
                <default>
                    <item>Comprovante de pagamento da GRU</item>
                    <item>CPF</item>
                </default>
            </documentos>
            <custos>
                <default/>
            </custos>
            <canais-de-prestacao>
                <default>
                    <canal-de-prestacao tipo="presencial">
                        <descricao>Atendimento presencial</descricao>
                    </canal-de-prestacao>
                </default>
            </canais-de-prestacao>
        </etapa>
    </etapas>
    <orgao id="http://estruturaorganizacional.dados.gov.br/id/unidade-organizacional/2981"/>
    <segmentos-da-sociedade>
        <item>Cidadãos</item>
    </segmentos-da-sociedade>
    <areas-de-interesse>
        <item>Administração</item>
    </areas-de-interesse>
    <palavras-chave>
        <item>Teste</item>
        <item>Carlos</item>
    </palavras-chave>
    <legislacoes>
        <item>http://www.lexml.gov.br/urn/urn:lex:br:federal:lei:2011-11-18;12527</item>
    </legislacoes>
</servico>
