<?xml version="1.0" encoding="UTF-8" standalone="no"?>
<servico xmlns="http://servicos.gov.br/v3/schema" xmlns:xsi="http://www.w3.org/2001/XMLSchema-instance" xsi:schemaLocation="http://servicos.gov.br/v3/schema ../servico.xsd">
    <nome>Carteira de Trabalho e Previdência Social - CTPS</nome>
    <sigla/>
    <nomes-populares/>
    <descricao>A Carteira de Trabalho e Previdência Social - CTPS é documento obrigatório para qualquer cidadão que queira prestar serviços no país. Ela garante acesso a direitos trabalhistas, como seguro-desemprego, benefícios da Previdência Social e do Fundo de Garantia do Tempo de Serviço - FGTS.

* [Localização das unidades](http://portal.mte.gov.br/postos/)

* [Mais informações](http://portal.mte.gov.br/ctps/)</descricao>
    <gratuito/>
    <solicitantes/>
    <tempo-total-estimado>
        <descricao/>
    </tempo-total-estimado>
    <etapas>
        <etapa>
            <titulo/>
            <descricao/>
            <documentos>
                <default/>
            </documentos>
            <custos>
                <default/>
            </custos>
            <canais-de-prestacao>
                <default>
                    <canal-de-prestacao tipo="presencial">
                        <descricao>A CTPS, para brasileiros, é emitida pela própria rede de atendimento do Ministério do Trabalho e Emprego, ou seja, nas Superintendências Regionais de Trabalho e Emprego – SRTEs e suas respectivas Gerências e Agências; e Postos conveniados.</descricao>
                    </canal-de-prestacao>
                    <canal-de-prestacao tipo="presencial">
                        <descricao>A CTPS, para estrangeiros, é emitida pela rede de atendimento do Ministério do Trabalho e Emprego, ou seja, nas Superintendências Regionais de Trabalho e Emprego – SRTEs e suas respectivas Gerências.</descricao>
                    </canal-de-prestacao>
                </default>
            </canais-de-prestacao>
        </etapa>
    </etapas>
    <orgao id="http://estruturaorganizacional.dados.gov.br/id/unidade-organizacional/2844"/>
    <segmentos-da-sociedade>
        <item>Cidadãos</item>
    </segmentos-da-sociedade>
    <areas-de-interesse>
        <item>Trabalho</item>
    </areas-de-interesse>
    <palavras-chave/>
    <legislacoes/>
</servico>
