<?xml version="1.0" encoding="UTF-8" standalone="no"?>
<servico xmlns="http://servicos.gov.br/v3/schema" xmlns:xsi="http://www.w3.org/2001/XMLSchema-instance" xsi:schemaLocation="http://servicos.gov.br/v3/schema ../servico.xsd">
    <nome>Cartão SUS</nome>
    <sigla/>
    <nomes-populares/>
    <descricao>É um documento que facilita o acesso à rede de atendimento do Sistema Único de Saúde (SUS), contendo dados sobre quando e onde o paciente foi atendido, quais serviços foram prestados e por qual profissional e quais procedimentos foram realizados.
        
Os objetivos do Sistema Cartão Nacional de Saúde são organizar e sistematizar dados sobre o atendimento prestado aos usuários; dotar a rede de atendimento do Sistema Único de Saúde (SUS) de um instrumento que facilite a comunicação entre os diversos serviços de saúde; fornecer informações sobre uma pessoa usuária do SUS em qualquer ponto do País; e gerar dados confiáveis e atualizados que permitam planejamento e intercâmbio de conhecimento para subsidiar a elaboração e execução das políticas públicas de saúde.

* [Serviços relacionados](https://portaldocidadao.saude.gov.br/portalcidadao/areaCadastro.htm): Pré-cadastro do Cartão Nacional de Saúde

* [Serviços relacionados](http://portaldocidadao.saude.gov.br/): Portal de Saúde do Cidadão</descricao>
    <gratuito/>
    <solicitantes/>
    <tempo-total-estimado>
        <descricao/>
    </tempo-total-estimado>
    <etapas>
        <etapa>
            <titulo/>
            <descricao/>
            <documentos>
                <default/>
            </documentos>
            <custos>
                <default/>
            </custos>
            <canais-de-prestacao>
                <default>
                    <canal-de-prestacao tipo="presencial">
                        <descricao>É possível imprimi-lo em todos os municípios do Brasil. O ideal é que o cidadão tenha o seu Cartão Nacional de Saúde entregue no seu atendimento pelo SUS.</descricao>
                    </canal-de-prestacao>
                    <canal-de-prestacao tipo="presencial">
                        <descricao>O cadastro é feito em hospitais, clínicas e postos de saúde ou locais definidos pela secretaria municipal de saúde.</descricao>
                    </canal-de-prestacao>
                </default>
            </canais-de-prestacao>
        </etapa>
    </etapas>
    <orgao id="http://estruturaorganizacional.dados.gov.br/id/unidade-organizacional/304"/>
    <segmentos-da-sociedade/>
    <areas-de-interesse>
        <item>Saúde</item>
    </areas-de-interesse>
    <palavras-chave/>
    <legislacoes/>
</servico>
