<?xml version="1.0" encoding="UTF-8" standalone="no"?>
<servico xmlns="http://servicos.gov.br/v3/schema" xmlns:xsi="http://www.w3.org/2001/XMLSchema-instance" xsi:schemaLocation="http://servicos.gov.br/v3/schema ../servico.xsd">
    <nome><![CDATA[Centro de Testagem e Acolhimento (CTA) - DST/AIDS]]></nome>
    <sigla>DST</sigla>
    <nomes-populares>
        <item>teste</item>
    </nomes-populares>
    <descricao><![CDATA[Os Centros de Testagem e Aconselhamento (CTA) são serviços de saúde que realizam ações de diagnóstico e prevenção de doenças sexualmente transmissíveis. Nesses serviços, é possível realizar testes para HIV, sífilis e hepatites B e C gratuitamente.

* [Mais informações](http://www.aids.gov.br/): Portal sobre aids, doenças sexualmente transmissíveis e hepatites virais]]></descricao>
    <contato><![CDATA[0800 777777]]></contato>
    <gratuito>false</gratuito>
    <solicitantes>
        <solicitante>
            <tipo>solicitante 1</tipo>
            <requisitos/>
        </solicitante>
    </solicitantes>
    <tempo-total-estimado>
        <ate max="4" unidade="minutos"/>
        <descricao/>
    </tempo-total-estimado>
    <etapas>
        <etapa>
            <titulo>agendamento</titulo>
            <descricao/>
            <documentos>
                <default>
                    <item>RG</item>
                </default>
            </documentos>
            <custos>
                <default>
                    <custo>
                        <descricao><![CDATA[impressão]]></descricao>
                        <moeda/>
                        <valor>0,50</valor>
                    </custo>
                </default>
            </custos>
            <canais-de-prestacao>
                <default>
                    <canal-de-prestacao tipo="web">
                        <descricao><![CDATA[http://www.aids.gov.br/pagina/servicos-de-saude]]></descricao>
                    </canal-de-prestacao>
                </default>
            </canais-de-prestacao>
        </etapa>
    </etapas>
    <orgao id="http://estruturaorganizacional.dados.gov.br/id/unidade-organizacional/304"/>
    <segmentos-da-sociedade>
        <item>Cidadãos</item>
    </segmentos-da-sociedade>
    <areas-de-interesse>
        <item>Saúde</item>
    </areas-de-interesse>
    <palavras-chave>
        <item>asdf</item>
        <item>sgdg</item>
        <item>sdfg</item>
    </palavras-chave>
    <legislacoes>
        <item><![CDATA[8112/90]]></item>
    </legislacoes>
</servico>
