<?xml version="1.0" encoding="UTF-8" standalone="no"?>
<servico xmlns="http://servicos.gov.br/v3/schema" xmlns:xsi="http://www.w3.org/2001/XMLSchema-instance" xsi:schemaLocation="http://servicos.gov.br/v3/schema ../servico.xsd">
    <nome>Centro de Referência Especializado da Assistência Social - CREAS</nome>
    <sigla/>
    <nomes-populares/>
    <descricao>É no Centro de Referência Especializado de Assistência Social (CREAS) que pessoas e famílias que tiveram direitos ameaçados ou violados por situações como: violência física, psicológica, sexual, trabalho infantil, trabalho escravo, abandono, são atendidas. Alguns CREAS também atendem pessoas em situação de rua e adolescentes que cumprem medidas socioeducativas.

Além de oferecer proteção e atendimento às pessoas e famílias com direitos violados, o CREAS busca reconstruir as relações familiares e comunitárias, incluir as famílias em serviços públicos, conforme a necessidade, prevenindo e diminuindo as situações de violação de direitos.

* [Localização das unidades](http://aplicacoes.mds.gov.br/sagi/FerramentasSAGI/Mops/): Neste site você pode localizar o CREAS mais perto de sua residência. Esses dados podem ser
                localizados no mapa, basta escolher o seu Estado e o seu Município.</descricao>
    <gratuito/>
    <solicitantes/>
    <tempo-total-estimado>
        <descricao/>
    </tempo-total-estimado>
    <etapas>
        <etapa>
            <titulo/>
            <descricao/>
            <documentos>
                <default/>
            </documentos>
            <custos>
                <default/>
            </custos>
            <canais-de-prestacao>
                <default>
                    <canal-de-prestacao tipo="presencial">
                        <descricao>Procure o CREAS mais próximo de sua residência.</descricao>
                    </canal-de-prestacao>
                </default>
            </canais-de-prestacao>
        </etapa>
    </etapas>
    <orgao id="http://estruturaorganizacional.dados.gov.br/id/unidade-organizacional/1945"/>
    <segmentos-da-sociedade>
        <item>Cidadãos</item>
    </segmentos-da-sociedade>
    <areas-de-interesse>
        <item>Previdência Social</item>
    </areas-de-interesse>
    <palavras-chave/>
    <legislacoes/>
</servico>
