<?xml version="1.0" encoding="UTF-8" standalone="no"?>
<servico xmlns="http://servicos.gov.br/v3/schema" xmlns:xsi="http://www.w3.org/2001/XMLSchema-instance" xsi:schemaLocation="http://servicos.gov.br/v3/schema ../servico.xsd">
    <nome>Centro de Referência da Assistência Social - CRAS</nome>
    <sigla/>
    <nomes-populares/>
    <descricao>O Centro de Referência de Assistência Social (CRAS) é a porta de entrada do cidadão para o Sistema Único de Assistência Social (SUAS). É pelo CRAS que ele pode ser encaminhado para serviços e programas sociais, de acordo com a sua situação. As equipes do CRAS, formadas por profissionais especializados, como psicólogos e assistentes sociais, oferecem acompanhamento integral para famílias e pessoas de baixa renda. O principal objetivo é prevenir violações de direitos e ajudar as pessoas encontrarem melhores perspectivas de vida.

Em vários municípios, o CRAS é responsável por inserir as famílias no Cadastro Único para Programas Sociais do Governo Federal.

* [Localização das unidades](http://aplicacoes.mds.gov.br/sagi/FerramentasSAGI/Mops/): Neste site você pode localizar o CRAS mais perto de sua residência. Esses dados podem ser
                localizados no mapa, basta escolher o seu Estado e o seu Município.</descricao>
    <gratuito/>
    <solicitantes/>
    <tempo-total-estimado>
        <descricao/>
    </tempo-total-estimado>
    <etapas>
        <etapa>
            <titulo/>
            <descricao/>
            <documentos>
                <default/>
            </documentos>
            <custos>
                <default/>
            </custos>
            <canais-de-prestacao>
                <default>
                    <canal-de-prestacao tipo="presencial">
                        <descricao>Procure o CRAS mais próximo de sua residência</descricao>
                    </canal-de-prestacao>
                </default>
            </canais-de-prestacao>
        </etapa>
    </etapas>
    <orgao id="http://estruturaorganizacional.dados.gov.br/id/unidade-organizacional/1945"/>
    <segmentos-da-sociedade>
        <item>Cidadãos</item>
    </segmentos-da-sociedade>
    <areas-de-interesse>
        <item>Previdência Social</item>
    </areas-de-interesse>
    <palavras-chave/>
    <legislacoes/>
</servico>
