<?xml version="1.0" encoding="UTF-8" standalone="no"?>
<servico xmlns="http://servicos.gov.br/v3/schema" xmlns:xsi="http://www.w3.org/2001/XMLSchema-instance" xsi:schemaLocation="http://servicos.gov.br/v3/schema ../servico.xsd">
    <nome>Certificado de Regularidade Previdenciária - CRP</nome>
    <sigla/>
    <nomes-populares/>
    <descricao>Serviços destinados aos Entes Federativos para emissão do Certificado de Regularidade Previdenciária - CRP. Tem como objetivo conferir o cumprimento dos critérios e exigências estabelecidos na Lei nº 9.717/1998, pelos regimes próprios de previdência social dos Estados, do Distrito Federal e Municípios.

* Telefone: Ligue 135 para obter mais informações.</descricao>
    <gratuito/>
    <solicitantes/>
    <tempo-total-estimado>
        <descricao/>
    </tempo-total-estimado>
    <etapas>
        <etapa>
            <titulo/>
            <descricao/>
            <documentos>
                <default/>
            </documentos>
            <custos>
                <default/>
            </custos>
            <canais-de-prestacao>
                <default>
                    <canal-de-prestacao tipo="web">
                        <descricao>http://www1.previdencia.gov.br/sps/app/crp/crppesquisaente.asp</descricao>
                    </canal-de-prestacao>
                </default>
            </canais-de-prestacao>
        </etapa>
    </etapas>
    <orgao id="http://estruturaorganizacional.dados.gov.br/id/unidade-organizacional/2844"/>
    <segmentos-da-sociedade>
        <item>Empresas</item>
    </segmentos-da-sociedade>
    <areas-de-interesse>
        <item>Previdência Social</item>
    </areas-de-interesse>
    <palavras-chave/>
    <legislacoes/>
</servico>
