<?xml version="1.0" encoding="UTF-8" standalone="no"?>
<servico xmlns="http://servicos.gov.br/v3/schema" xmlns:xsi="http://www.w3.org/2001/XMLSchema-instance" xsi:schemaLocation="http://servicos.gov.br/v3/schema ../servico.xsd">
    <nome>Certificado de Registro Cadastral (CRC) - Produtos Químicos</nome>
    <sigla/>
    <nomes-populares/>
    <descricao>É o documento que certifica que a pessoa jurídica e, de forma equiparada e em caráter excepcional, o produtor rural, estão devidamente registrados na unidade central de controle de produtos químicos da Polícia Federal.

Para obter, baixe o Programa Cadastro (vide "Formulários"), preencha as informações solicitadas de acordo com a Portaria 1.274/2003 (vide "Outros"), gere o arquivo com extensão XML que deverá ser salvo em um disquete ou CD, imprima o requerimento, e entregue juntamente com toda a documentação necessária em uma unidade da Polícia Federal (vide "Presencial").

Para atualizar os dados cadastrais do CRC, preencha o Anexo VI da Portaria 1.274/2003 (vide "Outros"), baixe o Programa Cadastro (vide "Formulários"), preencha as informações solicitadas de acordo com a Portaria 1.274/2003, gere o arquivo com extensão XML que deverá ser salvo em um disquete ou CD, imprima o requerimento, e entregue juntamente com toda a documentação necessária numa unidade da Polícia Federal (vide "Presencial").

* [Formulários](http://www.dpf.gov.br/servicos/produtos-quimicos/programas/programa-cadastro): Programa Cadastro.

* [Telefone](undefined): Mais informações: 194

* [Outros](http://www.dpf.gov.br/servicos/produtos-quimicos/cadastro-e-licenca/alteracao-de-certificado-de-registro-cadastral): Alteração do Certificado de Registro Cadastral - CRC - Anexo VI da Portaria 1.274/2003

* [Mais informações](http://www.dpf.gov.br/servicos/produtos-quimicos/cadastro-e-licenca/certificado-de-registro-cadastral): Mais informações sobre o Certificado de Registro Cadastral - CRC

* [Serviços relacionados](http://www.dpf.gov.br/servicos/produtos-quimicos/consultas/acompanhamento-de-processos): Acompanhamento de processos</descricao>
    <gratuito/>
    <solicitantes/>
    <tempo-total-estimado>
        <descricao/>
    </tempo-total-estimado>
    <etapas>
        <etapa>
            <titulo/>
            <descricao/>
            <documentos>
                <default/>
            </documentos>
            <custos>
                <default/>
            </custos>
            <canais-de-prestacao>
                <default>
                    <canal-de-prestacao tipo="web">
                        <descricao>http://www.dpf.gov.br/institucional/pf-pelo-brasil/</descricao>
                    </canal-de-prestacao>
                </default>
            </canais-de-prestacao>
        </etapa>
    </etapas>
    <orgao id="http://estruturaorganizacional.dados.gov.br/id/unidade-organizacional/316"/>
    <segmentos-da-sociedade>
        <item>Cidadãos</item>
        <item>Empresas</item>
    </segmentos-da-sociedade>
    <areas-de-interesse>
        <item>Segurança e Ordem Pública</item>
        <item>Meio ambiente</item>
        <item>Indústria</item>
        <item>Agropecuária</item>
    </areas-de-interesse>
    <palavras-chave/>
    <legislacoes/>
</servico>
