<?xml version="1.0" encoding="UTF-8" standalone="no"?>
<servico xmlns="http://servicos.gov.br/v3/schema" xmlns:xsi="http://www.w3.org/2001/XMLSchema-instance" xsi:schemaLocation="http://servicos.gov.br/v3/schema ../servico.xsd">
    <nome>Ciência sem Fronteiras</nome>
    <sigla/>
    <nomes-populares/>
    <descricao>O programa Ciência sem Fronteiras promove a consolidação, a expansão e a internacionalização da ciência e tecnologia, da inovação e da competitividade brasileira por meio do intercâmbio e da mobilidade internacional. É implementado em parceria pelos ministérios da Ciência, Tecnologia e Inovação e da Educação. 

Com a meta de oferecer 101 mil bolsas de estudos no exterior até 2014, o Ciência sem Fronteiras mantém intercâmbio com 35 países. A oferta de bolsas prevê as modalidades graduação sanduíche, educação profissional, tecnológica e pós-graduação — doutorado sanduíche, doutorado pleno e pós-doutorado. 

Pelo programa, estudantes de graduação e de pós-graduação podem fazer estágio no exterior para manter contato com sistemas educacionais competitivos em relação à tecnologia e inovação. Além disso, o Ciência sem Fronteiras tenta atrair pesquisadores do exterior que queiram se fixar, por tempo determinado, no Brasil ou estabelecer parcerias com os pesquisadores brasileiros nas áreas prioritárias definidas no programa, bem como criar oportunidade para que pesquisadores de empresas recebam treinamento especializado no exterior.</descricao>
    <gratuito/>
    <solicitantes/>
    <tempo-total-estimado>
        <descricao/>
    </tempo-total-estimado>
    <etapas>
        <etapa>
            <titulo/>
            <descricao/>
            <documentos>
                <default/>
            </documentos>
            <custos>
                <default/>
            </custos>
            <canais-de-prestacao>
                <default>
                    <canal-de-prestacao tipo="web">
                        <descricao>http://www.cienciasemfronteiras.gov.br/web/csf/home</descricao>
                    </canal-de-prestacao>
                </default>
            </canais-de-prestacao>
        </etapa>
    </etapas>
    <orgao id="http://estruturaorganizacional.dados.gov.br/id/unidade-organizacional/244"/>
    <segmentos-da-sociedade>
        <item>Cidadãos</item>
    </segmentos-da-sociedade>
    <areas-de-interesse>
        <item>Comunicações</item>
        <item>Educação</item>
    </areas-de-interesse>
    <palavras-chave/>
    <legislacoes/>
</servico>
