<?xml version="1.0" encoding="UTF-8" standalone="no"?>
<servico xmlns="http://servicos.gov.br/v3/schema" xmlns:xsi="http://www.w3.org/2001/XMLSchema-instance" xsi:schemaLocation="http://servicos.gov.br/v3/schema ../servico.xsd">
    <nome>Comunicação de Crimes Diversos ocorridos em rodovias e estradas - DPRF</nome>
    <sigla/>
    <nomes-populares/>
    <descricao>Consiste no registro de comunicação relativa a crimes e delitos diversos ocorridos nas rodovias e estradas sob a responsabilidade da Polícia Rodoviária Federal- PRF.

Observação: A comunicação à Polícia Rodoviária Federal não dispensa o registro na Polícia Civil. O cidadão pode comunicar roubo/furto de veículo via web, pelo "Sistema Alerta" (Vide "Web: Comunicação de Roubo/Furto de Veículos"). O Sistema Alerta tem por objetivo divulgar, imediatamente após o registro, informações de ocorrências de furto/roubo de veículos nas últimas 72 horas. A probabilidade de recuperação de um veículo é maior nas primeiras horas após a ocorrência do fato, assim, o Sistema Alerta supre uma importante necessidade como uma eficiente ferramenta no combate ao roubo e furto de veículos.

Caso o furto/roubo do veículo a ser registrado tenha ocorrido há mais de 72 horas, verifique junto à Delegacia onde registrou a ocorrência se os dados já estão no sistema RENAVAM, que é a base nacional de cadastro de informações de veículos automotores. O Alerta permite o registro de ocorrências com mais de 72 horas, entretanto, a ocorrência permanecerá na base somente para consultas. O registro de um Alerta também pode ser feito por telefone (Vide "Telefone").

* [Localização das unidades](http://www.dprf.gov.br/PortalInternet/enderecosETelefones.faces): Endereços de todas as Unidades da Polícia Rodoviária Federal.</descricao>
    <gratuito/>
    <solicitantes/>
    <tempo-total-estimado>
        <descricao/>
    </tempo-total-estimado>
    <etapas>
        <etapa>
            <titulo/>
            <descricao/>
            <documentos>
                <default/>
            </documentos>
            <custos>
                <default/>
            </custos>
            <canais-de-prestacao>
                <default>
                    <canal-de-prestacao tipo="web">
                        <descricao>http://www.dprf.gov.br/PortalInternet/alerta.faces</descricao>
                    </canal-de-prestacao>
                    <canal-de-prestacao tipo="telefone">
                        <descricao>191</descricao>
                    </canal-de-prestacao>
                    <canal-de-prestacao tipo="presencial">
                        <descricao>Em qualquer unidade da Polícia Rodoviária Federal, cujos endereços encontram-se no site do órgão (vide "Localização das unidades").</descricao>
                    </canal-de-prestacao>
                </default>
            </canais-de-prestacao>
        </etapa>
    </etapas>
    <orgao id="http://estruturaorganizacional.dados.gov.br/id/unidade-organizacional/704"/>
    <segmentos-da-sociedade>
        <item>Cidadãos</item>
    </segmentos-da-sociedade>
    <areas-de-interesse>
        <item>Proteção social</item>
    </areas-de-interesse>
    <palavras-chave/>
    <legislacoes/>
</servico>
