<?xml version="1.0" encoding="UTF-8" standalone="no"?>
<servico xmlns="http://servicos.gov.br/v3/schema" xmlns:xsi="http://www.w3.org/2001/XMLSchema-instance" xsi:schemaLocation="http://servicos.gov.br/v3/schema ../servico.xsd">
    <nome>Concessão de Título de Utilidade Pública Federal</nome>
    <sigla/>
    <nomes-populares/>
    <descricao>Receber, protocolar, analisar e emitir parecer opinativo acerca dos pedidos de titulação como Utilidade Pública Federal, instituída pela Lei n° 91/35 e regulamentada pelo Decreto nº 50.517/61.

* [Mais informações](undefined): Dúvidas e orientações podem ser obtidas no e-mail: sac.dejus@mj.gov.br

* [Serviços relacionados](http://portal.mj.gov.br/data/Pages/MJ4268993FPTBRNN.htm): Conheça as entidades que possuem o título de Utilidade Pública Federal no Brasil

* [Mais informações](http://portal.mj.gov.br/main.asp?ViewID=%7B8B2ED119-A874-471A-9C72-B8CCBD80B3E3%7D&amp;params=itemID=%7BC1C7F7D3-9AB2-4462-94E0-EBE35306D163%7D;&amp;UIPartUID=%7BE0EA6E2F-2D28-4749-9852-31405415DD85%7D): Mais informações sobre Utilidade Pública Federal

* [Mais informações](http://www.planalto.gov.br/ccivil_03/Leis/1930-1949/L0091.htm): Lei nº 91/35

* [Mais informações](http://www.planalto.gov.br/ccivil_03/decreto/1950-1969/D50517.htm): Decreto nº 50.517/61.</descricao>
    <gratuito/>
    <solicitantes/>
    <tempo-total-estimado>
        <descricao/>
    </tempo-total-estimado>
    <etapas>
        <etapa>
            <titulo/>
            <descricao/>
            <documentos>
                <default/>
            </documentos>
            <custos>
                <default/>
            </custos>
            <canais-de-prestacao>
                <default>
                    <canal-de-prestacao tipo="presencial">
                        <descricao>Ministério da Justiça – Anexo II , Térreo Endereço: Esplanada dos Ministérios, bloco T. Brasília/DF. CEP: 70.064-900. Brasília/DF.</descricao>
                    </canal-de-prestacao>
                    <canal-de-prestacao tipo="postal">
                        <descricao>Os interessados podem enviar a documentação via postal no endereço: Ministério da Justiça – Anexo II , Térreo Endereço: Esplanada dos Ministérios, bloco T. Brasília/DF. CEP: 70.064-900. Brasília/DF.</descricao>
                    </canal-de-prestacao>
                </default>
            </canais-de-prestacao>
        </etapa>
    </etapas>
    <orgao id="http://estruturaorganizacional.dados.gov.br/id/unidade-organizacional/316"/>
    <segmentos-da-sociedade>
        <item>Empresas</item>
    </segmentos-da-sociedade>
    <areas-de-interesse>
        <item>Proteção social</item>
    </areas-de-interesse>
    <palavras-chave/>
    <legislacoes/>
</servico>
