<?xml version="1.0" encoding="UTF-8" standalone="no"?>
<servico xmlns="http://servicos.gov.br/v3/schema" xmlns:xsi="http://www.w3.org/2001/XMLSchema-instance" xsi:schemaLocation="http://servicos.gov.br/v3/schema ../servico.xsd">
    <nome>Concessão de Anistia Política</nome>
    <sigla/>
    <nomes-populares/>
    <descricao>Análise, julgamento e decisão final nos requerimentos de Anistia Política, com a consequente emissão de Portaria Ministerial.

Os processos de anistia são recepcionados pela Comissão de Anistia, do Ministério da Justiça - MJ, para que sejam adotados os procedimentos estabelecidos na Portaria nº 2.523/2008/MJ.

A Comissão de Anistia analisa os pedidos de indenização formulados pelas pessoas que foram impedidas de exercer atividades econômicas por motivação exclusivamente política desde 18 de setembro de 1946 até cinco de outubro de 1988.

A Comissão da Anistia tem vínculo direto ao Gabinete do Ministro da Justiça e todos os requerimentos por ela apreciados são submetidos à decisão final do Ministro da Justiça.

A anistia está prevista no art. 8º do Ato das Disposições Transitórias da Constituição Federal de 1988, o qual é regulamentado pela Lei nº 10.559, de 13 de novembro de 2002. A reparação econômica, segundo a referida Lei, poderá ser concedida em prestação única correspondente a 30 salários mínimos por ano de perseguição política até o limite de 100 mil reais, ou prestação mensal que corresponderá ao posto, cargo, graduação ou emprego que o anistiando ocuparia se na ativa estivesse, observado o limite do teto da remuneração do servidor público federal.

* [Serviços relacionados](http://portal.mj.gov.br/data/Pages/MJDC5E093DPTBRNN.htm): Informações sobre Processos de Anistia Política.

* [Mais informações](undefined): anistia@mj.gov.br

* [Telefone](undefined): (61) 2025 3213/ 3150 / 3675

* [Formulários](http://portal.mj.gov.br/data/Pages/MJABFF735EITEMIDF6425A864D1448ACB9FC7B3A1CDC1022PTBRNN.htm): Normas procedimentais da Comissão para a formulação do requerimento de anistia

* [Mais informações](http://portal.mj.gov.br/data/Pages/MJ20BF8FDBITEMIDDB66A11972EE4432A7654440E32B2B6CPTBRNN.htm): Mais informações - Anistia Política</descricao>
    <gratuito/>
    <solicitantes/>
    <tempo-total-estimado>
        <descricao/>
    </tempo-total-estimado>
    <etapas>
        <etapa>
            <titulo/>
            <descricao/>
            <documentos>
                <default/>
            </documentos>
            <custos>
                <default/>
            </custos>
            <canais-de-prestacao>
                <default>
                    <canal-de-prestacao tipo="presencial">
                        <descricao>Ministério da Justiça. Esplanada dos Ministérios, Bloco T, anexo II, térreo T3, Brasília, DF. CEP: 70064-900.</descricao>
                    </canal-de-prestacao>
                    <canal-de-prestacao tipo="postal">
                        <descricao>O requerimento de Anistia Política também pode ser enviado pelos Correios ao endereço: Ministério da Justiça. Esplanada dos Ministérios, Bloco T, anexo II, térreo T3, Brasília, DF. CEP: 70064-900.</descricao>
                    </canal-de-prestacao>
                </default>
            </canais-de-prestacao>
        </etapa>
    </etapas>
    <orgao id="http://estruturaorganizacional.dados.gov.br/id/unidade-organizacional/316"/>
    <segmentos-da-sociedade>
        <item>Cidadãos</item>
    </segmentos-da-sociedade>
    <areas-de-interesse>
        <item>Proteção social</item>
    </areas-de-interesse>
    <palavras-chave/>
    <legislacoes/>
</servico>
