<?xml version="1.0" encoding="UTF-8" standalone="no"?>
<servico xmlns="http://servicos.gov.br/v3/schema" xmlns:xsi="http://www.w3.org/2001/XMLSchema-instance" xsi:schemaLocation="http://servicos.gov.br/v3/schema ../servico.xsd">
    <nome>Confirmação de Autenticidade de Certidão Pessoa Jurídica (Certidão Pessoa Jurídica / Dívida Ativa da União –
        DAU)</nome>
    <sigla/>
    <nomes-populares/>
    <descricao>Consultar a autenticidade de certidão de pessoa jurídica emitida.

* [Mais informações](http://www.receita.fazenda.gov.br/GuiaContribuinte/CN_%20PJ.htm): Orientações gerais sobre o serviço

* [Serviços relacionados](http://www.receita.fazenda.gov.br/aplicacoes/atbhe/tus/default.aspx?/a/3): Ver todos os serviços do assunto "Certidões e Situação Fiscal"</descricao>
    <gratuito/>
    <solicitantes/>
    <tempo-total-estimado>
        <descricao/>
    </tempo-total-estimado>
    <etapas>
        <etapa>
            <titulo/>
            <descricao/>
            <documentos>
                <default/>
            </documentos>
            <custos>
                <default/>
            </custos>
            <canais-de-prestacao>
                <default>
                    <canal-de-prestacao tipo="web">
                        <descricao>http://www.receita.fazenda.gov.br/Aplicacoes/ATSPO/Certidao/certaut/OptaAutenticidade.asp?origem=P</descricao>
                    </canal-de-prestacao>
                </default>
            </canais-de-prestacao>
        </etapa>
    </etapas>
    <orgao id="http://estruturaorganizacional.dados.gov.br/id/unidade-organizacional/77"/>
    <segmentos-da-sociedade>
        <item>Cidadãos</item>
    </segmentos-da-sociedade>
    <areas-de-interesse>
        <item>Economia e Finanças</item>
    </areas-de-interesse>
    <palavras-chave/>
    <legislacoes/>
</servico>
