<?xml version="1.0" encoding="UTF-8" standalone="no"?>
<servico xmlns="http://servicos.gov.br/v3/schema" xmlns:xsi="http://www.w3.org/2001/XMLSchema-instance" xsi:schemaLocation="http://servicos.gov.br/v3/schema ../servico.xsd">
    <nome>Consulta Participação no Acompanhamento Diferenciado</nome>
    <sigla/>
    <nomes-populares/>
    <descricao>Consultar histórico de participação no acompanhamento econômico-tributário diferenciado e especial. Esta consulta permite a todos os contribuintes pessoas jurídicas, diferenciadas ou não, realizarem consulta ao histórico de sua participação no acompanhamento econômico-tributário diferenciado de que trata a Portaria Receita Federal nº 2.356, de 14 de dezembro de 2010.</descricao>
    <gratuito/>
    <solicitantes/>
    <tempo-total-estimado>
        <descricao/>
    </tempo-total-estimado>
    <etapas>
        <etapa>
            <titulo/>
            <descricao/>
            <documentos>
                <default/>
            </documentos>
            <custos>
                <default/>
            </custos>
            <canais-de-prestacao>
                <default>
                    <canal-de-prestacao tipo="web">
                        <descricao>https://cav.receita.fazenda.gov.br/eCAC/publico/login.aspx?sistema=00074</descricao>
                    </canal-de-prestacao>
                </default>
            </canais-de-prestacao>
        </etapa>
    </etapas>
    <orgao id="http://estruturaorganizacional.dados.gov.br/id/unidade-organizacional/77"/>
    <segmentos-da-sociedade>
        <item>Empresas</item>
    </segmentos-da-sociedade>
    <areas-de-interesse>
        <item>Economia e Finanças</item>
    </areas-de-interesse>
    <palavras-chave/>
    <legislacoes/>
</servico>
