<?xml version="1.0" encoding="UTF-8" standalone="no"?>
<servico xmlns="http://servicos.gov.br/v3/schema" xmlns:xsi="http://www.w3.org/2001/XMLSchema-instance" xsi:schemaLocation="http://servicos.gov.br/v3/schema ../servico.xsd">
    <nome>Consulta - Prestadores de Serviços Turísticos Regulares</nome>
    <sigla/>
    <nomes-populares/>
    <descricao>Consulta ao cadastro obrigatório de prestadores de serviços turísticos que operam regularmente no país.

O Sistema recebe cadastros obrigatórios de pessoas físicas e jurídicas das seguintes atividades: Meios de Hospedagem (albergue, hotel, flat, pousada, resort e cama &amp; café); Agências de Turismo; Transportadoras Turísticas; Organizadoras de Eventos; Parques Temáticos; Acampamentos Turísticos (Camping); Guias de Turismo

* Telefone: Dúvidas sobre o CADASTUR, entre em contato com a nossa central de atendimento: 0800 606 8484</descricao>
    <gratuito/>
    <solicitantes/>
    <tempo-total-estimado>
        <descricao/>
    </tempo-total-estimado>
    <etapas>
        <etapa>
            <titulo/>
            <descricao/>
            <documentos>
                <default/>
            </documentos>
            <custos>
                <default/>
            </custos>
            <canais-de-prestacao>
                <default>
                    <canal-de-prestacao tipo="web">
                        <descricao>http://www.cadastur.turismo.gov.br</descricao>
                    </canal-de-prestacao>
                </default>
            </canais-de-prestacao>
        </etapa>
    </etapas>
    <orgao id="http://estruturaorganizacional.dados.gov.br/id/unidade-organizacional/72084"/>
    <segmentos-da-sociedade>
        <item>Cidadãos</item>
    </segmentos-da-sociedade>
    <areas-de-interesse>
        <item>Comércio e Serviços</item>
    </areas-de-interesse>
    <palavras-chave/>
    <legislacoes/>
</servico>
