<?xml version="1.0" encoding="UTF-8" standalone="no"?>
<servico xmlns="http://servicos.gov.br/v3/schema" xmlns:xsi="http://www.w3.org/2001/XMLSchema-instance" xsi:schemaLocation="http://servicos.gov.br/v3/schema ../servico.xsd">
    <nome>Consulta - Obras do Ministério do Turismo em seu Município</nome>
    <sigla/>
    <nomes-populares/>
    <descricao>Consulta ao andamento dos contratos de repasse referente a obras de infraestrutura turística nos municípios.

* Telefone: Mais informações sobre o andamento de cada obra podem ser obtidas via Sistema de Informações ao Cidadão (SIC):
                sic@turismo.gov.br, ou (61) 2023-7146</descricao>
    <gratuito/>
    <solicitantes/>
    <tempo-total-estimado>
        <descricao/>
    </tempo-total-estimado>
    <etapas>
        <etapa>
            <titulo/>
            <descricao/>
            <documentos>
                <default/>
            </documentos>
            <custos>
                <default/>
            </custos>
            <canais-de-prestacao>
                <default>
                    <canal-de-prestacao tipo="web">
                        <descricao>http://repasse.turismo.gov.br/</descricao>
                    </canal-de-prestacao>
                </default>
            </canais-de-prestacao>
        </etapa>
    </etapas>
    <orgao id="http://estruturaorganizacional.dados.gov.br/id/unidade-organizacional/72084"/>
    <segmentos-da-sociedade>
        <item>Cidadãos</item>
    </segmentos-da-sociedade>
    <areas-de-interesse>
        <item>Comércio e Serviços</item>
        <item>Turismo</item>
    </areas-de-interesse>
    <palavras-chave/>
    <legislacoes/>
</servico>
