<?xml version="1.0" encoding="UTF-8" standalone="no"?>
<servico xmlns="http://servicos.gov.br/v3/schema" xmlns:xsi="http://www.w3.org/2001/XMLSchema-instance" xsi:schemaLocation="http://servicos.gov.br/v3/schema ../servico.xsd">
    <nome>Consulta Pendências - Situação Fiscal Previdenciária (Situação Fiscal / Certidões e Situação Fiscal)</nome>
    <sigla/>
    <nomes-populares/>
    <descricao>Obter relatório com informações para a emissão de certidão das contribuições previdenciárias na finalidade 4, (outras finalidades da Lei nº 8212/91) ou 5 (registro ou arquivamento de alterações contratuais). As pendências apontadas são as constantes nos sistemas da Receita Federal no momento da solicitação do relatório.</descricao>
    <gratuito/>
    <solicitantes/>
    <tempo-total-estimado>
        <descricao/>
    </tempo-total-estimado>
    <etapas>
        <etapa>
            <titulo/>
            <descricao/>
            <documentos>
                <default/>
            </documentos>
            <custos>
                <default/>
            </custos>
            <canais-de-prestacao>
                <default>
                    <canal-de-prestacao tipo="web">
                        <descricao>http://hom.receita.fazenda.gov.br/aplicacoes/atbhe/tus/Servico.aspx?id=187&amp;idArea=3&amp;idAssunto=45</descricao>
                    </canal-de-prestacao>
                </default>
            </canais-de-prestacao>
        </etapa>
    </etapas>
    <orgao id="http://estruturaorganizacional.dados.gov.br/id/unidade-organizacional/77"/>
    <segmentos-da-sociedade>
        <item>Cidadãos</item>
    </segmentos-da-sociedade>
    <areas-de-interesse>
        <item>Economia e Finanças</item>
    </areas-de-interesse>
    <palavras-chave/>
    <legislacoes/>
</servico>
