<?xml version="1.0" encoding="UTF-8" standalone="no"?>
<servico xmlns="http://servicos.gov.br/v3/schema" xmlns:xsi="http://www.w3.org/2001/XMLSchema-instance" xsi:schemaLocation="http://servicos.gov.br/v3/schema ../servico.xsd">
    <nome>Consulta à Situação dos Voos</nome>
    <sigla/>
    <nomes-populares/>
    <descricao>O Infraero Voos Online é uma ferramenta que consolida informações dos principais aeroportos brasileiros a respeito da situação atual de seu voo. Ela possibilita o rastreio de status dos voos em tempo quase real.

Além de consultar os horários de partidas e chegadas de voos, você também pode saber qual a distância de onde você está até o aeroporto para onde precisa ir e a previsão do tempo na cidade onde fica o aeroporto.

Consulte, antes de sair de casa, para descobrir se seu voo está no horário. Acesse a partir do website dedicado ou por meio de aplicativos mobile (Android e Iphone/Ipad).

* [Mais informações](https://play.google.com/store/apps/details?id=br.gov.infraero&amp;hl=pt_BR): Aplicativo mobile para a plataforma Android

* [Mais informações](https://itunes.apple.com/br/app/infraero-voos-online/id412206183?mt=8): Aplicativo mobile para a plataforma Apple

* [Mais informações](http://www.infraero.gov.br/index.php/br/situacao-dos-voos/por-aeroporto.html): Consulte, também, a informação atualizada do número de atrasos e cancelamentos nos aeroportos
                operados pela Infraero.</descricao>
    <gratuito/>
    <solicitantes/>
    <tempo-total-estimado>
        <descricao/>
    </tempo-total-estimado>
    <etapas>
        <etapa>
            <titulo/>
            <descricao/>
            <documentos>
                <default/>
            </documentos>
            <custos>
                <default/>
            </custos>
            <canais-de-prestacao>
                <default>
                    <canal-de-prestacao tipo="web">
                        <descricao>http://voos.infraero.gov.br/voos/index.aspx</descricao>
                    </canal-de-prestacao>
                    <canal-de-prestacao tipo="aplicativo-movel">
                        <descricao>Instale o aplicativo Infraero Voos Online, disponível nas plataformas Android e Apple.</descricao>
                    </canal-de-prestacao>
                </default>
            </canais-de-prestacao>
        </etapa>
    </etapas>
    <orgao id="http://estruturaorganizacional.dados.gov.br/id/unidade-organizacional/115257"/>
    <segmentos-da-sociedade>
        <item>Cidadãos</item>
    </segmentos-da-sociedade>
    <areas-de-interesse>
        <item>Trabalho</item>
    </areas-de-interesse>
    <palavras-chave/>
    <legislacoes/>
</servico>
