<?xml version="1.0" encoding="UTF-8" standalone="no"?>
<servico xmlns="http://servicos.gov.br/v3/schema" xmlns:xsi="http://www.w3.org/2001/XMLSchema-instance" xsi:schemaLocation="http://servicos.gov.br/v3/schema ../servico.xsd">
    <nome>Credenciamento de Empresas de Escolta</nome>
    <sigla/>
    <nomes-populares/>
    <descricao>Consiste no credenciamento de empresas para execução dos serviços de escolta aos veículos transportadores de cargas superdimensionadas.

* [Localização das unidades](http://www.dprf.gov.br/PortalInternet/enderecosETelefones.faces): Endereços de todas as unidades da Polícia Rodoviária Federal.</descricao>
    <gratuito/>
    <solicitantes/>
    <tempo-total-estimado>
        <descricao/>
    </tempo-total-estimado>
    <etapas>
        <etapa>
            <titulo/>
            <descricao/>
            <documentos>
                <default/>
            </documentos>
            <custos>
                <default/>
            </custos>
            <canais-de-prestacao>
                <default>
                    <canal-de-prestacao tipo="e-mail">
                        <descricao>Por meio das áreas de Policiamento e Fiscalização, mediante e-mail encaminhado para: spf.xx@dprf.gov.br ou nfp.xx@dprf.gov.br, em que “xx” corresponde à sigla da Unidade da Federação.</descricao>
                    </canal-de-prestacao>
                    <canal-de-prestacao tipo="presencial">
                        <descricao>Por meio de requerimento junto às Seções/Núcleos de Policiamento e Fiscalização das Unidades Regionais da Polícia Rodoviária Federal, cujos endereços encontram-se no site do órgão (vide "Localização das unidades").</descricao>
                    </canal-de-prestacao>
                </default>
            </canais-de-prestacao>
        </etapa>
    </etapas>
    <orgao id="http://estruturaorganizacional.dados.gov.br/id/unidade-organizacional/316"/>
    <segmentos-da-sociedade>
        <item>Empresas</item>
    </segmentos-da-sociedade>
    <areas-de-interesse>
        <item>Proteção social</item>
    </areas-de-interesse>
    <palavras-chave/>
    <legislacoes/>
</servico>
