<?xml version="1.0" encoding="UTF-8" standalone="no"?>
<servico xmlns="http://servicos.gov.br/v3/schema" xmlns:xsi="http://www.w3.org/2001/XMLSchema-instance" xsi:schemaLocation="http://servicos.gov.br/v3/schema ../servico.xsd">
    <nome>Declaração de Acidente de Trânsito – DAT/ DPRF</nome>
    <sigla/>
    <nomes-populares/>
    <descricao>Consiste no registro de narrativa de acidente de trânsito, mediante declaração do condutor, exclusivamente quando não houver vítimas (feridos e mortos), e diante da impossibilidade de realizar o levantamento das informações, no local da ocorrência, por equipe da Polícia Rodoviária Federal.

Quem pode solicitar: somente o condutor de veículo envolvido no acidente.

* [Localização das unidades](http://www.dprf.gov.br/PortalInternet/enderecosETelefones.faces): Endereços de todas as unidade do Departamento de Polícia Rodoviária Federal.</descricao>
    <gratuito/>
    <solicitantes/>
    <tempo-total-estimado>
        <descricao/>
    </tempo-total-estimado>
    <etapas>
        <etapa>
            <titulo/>
            <descricao/>
            <documentos>
                <default/>
            </documentos>
            <custos>
                <default/>
            </custos>
            <canais-de-prestacao>
                <default>
                    <canal-de-prestacao tipo="presencial">
                        <descricao>Dirigindo-se a qualquer Unidade do Departamento de Polícia Rodoviária Federal, cujos endereços estão disponíveis no site do órgão (vide "Localização das unidades").</descricao>
                    </canal-de-prestacao>
                </default>
            </canais-de-prestacao>
        </etapa>
    </etapas>
    <orgao id="http://estruturaorganizacional.dados.gov.br/id/unidade-organizacional/316"/>
    <segmentos-da-sociedade>
        <item>Cidadãos</item>
    </segmentos-da-sociedade>
    <areas-de-interesse>
        <item>Proteção social</item>
    </areas-de-interesse>
    <palavras-chave/>
    <legislacoes/>
</servico>
