<?xml version="1.0" encoding="UTF-8" standalone="no"?>
<servico xmlns="http://servicos.gov.br/v3/schema" xmlns:xsi="http://www.w3.org/2001/XMLSchema-instance" xsi:schemaLocation="http://servicos.gov.br/v3/schema ../servico.xsd">
    <nome>Declaração de Capitais Brasileiros no Exterior</nome>
    <sigla/>
    <nomes-populares/>
    <descricao>Página em que o cidadão pode declarar os bens e valores que possuir no exterior.

Devem declarar, todo ano, todos os residentes no País detentores de bens e valores fora do território nacional, que totalizem montante igual ou superior ao equivalente US$100.000,00 (cem mil dólares dos Estados Unidos).

Para aqueles que possuem bens de valor total igual ou superior a US$100.000.000,00 (cem milhões de dólares dos Estados Unidos), a declaração deve ser feita trimestralmente.</descricao>
    <gratuito/>
    <solicitantes/>
    <tempo-total-estimado>
        <descricao/>
    </tempo-total-estimado>
    <etapas>
        <etapa>
            <titulo/>
            <descricao/>
            <documentos>
                <default/>
            </documentos>
            <custos>
                <default/>
            </custos>
            <canais-de-prestacao>
                <default>
                    <canal-de-prestacao tipo="web">
                        <descricao>http://www4.bcb.gov.br/rex/CBE/Port/cbe.asp</descricao>
                    </canal-de-prestacao>
                </default>
            </canais-de-prestacao>
        </etapa>
    </etapas>
    <orgao id="http://estruturaorganizacional.dados.gov.br/id/unidade-organizacional/89"/>
    <segmentos-da-sociedade/>
    <areas-de-interesse>
        <item>Economia e Finanças</item>
    </areas-de-interesse>
    <palavras-chave/>
    <legislacoes/>
</servico>
