<?xml version="1.0" encoding="UTF-8" standalone="no"?>
<servico xmlns="http://servicos.gov.br/v3/schema" xmlns:xsi="http://www.w3.org/2001/XMLSchema-instance" xsi:schemaLocation="http://servicos.gov.br/v3/schema ../servico.xsd">
    <nome>Declaração Simplificada de PJ Inativa</nome>
    <sigla/>
    <nomes-populares/>
    <descricao>Preencher a Declaração Simplificada da Pessoa Jurídica.

* [Mais informações](http://www.receita.fazenda.gov.br/PessoaJuridica/DeclInatividade/2013/OrientacoesGerais/Orientacoes.htm): Orientações gerais sobre o serviço

* [Serviços relacionados](http://www.receita.fazenda.gov.br/aplicacoes/atbhe/tus/default.aspx?/a/6): Ver todos os serviços do assunto "Declarações e Demonstrativos"</descricao>
    <gratuito/>
    <solicitantes/>
    <tempo-total-estimado>
        <descricao/>
    </tempo-total-estimado>
    <etapas>
        <etapa>
            <titulo/>
            <descricao/>
            <documentos>
                <default/>
            </documentos>
            <custos>
                <default/>
            </custos>
            <canais-de-prestacao>
                <default>
                    <canal-de-prestacao tipo="web">
                        <descricao>http://www.receita.fazenda.gov.br/Principal/Informacoes/InfoDeclara/declaraPJSimples.htm</descricao>
                    </canal-de-prestacao>
                    <canal-de-prestacao tipo="web">
                        <descricao>[Internet (via Portal e-CAC com certificado digital)](http://www.receita.fazenda.gov.br/aplicacoes/atbhe/tus/Servico.aspx?id=263&amp;idArea=6&amp;idAssunto=52)</descricao>
                    </canal-de-prestacao>
                </default>
            </canais-de-prestacao>
        </etapa>
    </etapas>
    <orgao id="http://estruturaorganizacional.dados.gov.br/id/unidade-organizacional/77"/>
    <segmentos-da-sociedade>
        <item>Empresas</item>
    </segmentos-da-sociedade>
    <areas-de-interesse>
        <item>Economia e Finanças</item>
    </areas-de-interesse>
    <palavras-chave/>
    <legislacoes/>
</servico>
