<?xml version="1.0" encoding="UTF-8" standalone="no"?>
<servico xmlns="http://servicos.gov.br/v3/schema" xmlns:xsi="http://www.w3.org/2001/XMLSchema-instance" xsi:schemaLocation="http://servicos.gov.br/v3/schema ../servico.xsd">
    <nome>e-Social - Empregador Doméstico</nome>
    <sigla/>
    <nomes-populares/>
    <descricao>Portal com orientações, funcionalidades e aplicativos para ajudar o empregador, em um primeiro momento essencialmente o empregador doméstico, a cumprir obrigações trabalhistas e tributárias decorrentes das relações de trabalho. O Portal foi desenvolvido em ação conjunta da Caixa Econômica Federal, do Instituto Nacional do Seguro Social – INSS, do Ministério da Previdência – MPS, do Ministério do Trabalho e Emprego – MTE e da Secretaria da Receita Federal do Brasil – RFB.</descricao>
    <gratuito/>
    <solicitantes/>
    <tempo-total-estimado>
        <descricao/>
    </tempo-total-estimado>
    <etapas>
        <etapa>
            <titulo/>
            <descricao/>
            <documentos>
                <default/>
            </documentos>
            <custos>
                <default/>
            </custos>
            <canais-de-prestacao>
                <default>
                    <canal-de-prestacao tipo="web">
                        <descricao>http://www.esocial.gov.br/Default.aspx</descricao>
                    </canal-de-prestacao>
                </default>
            </canais-de-prestacao>
        </etapa>
    </etapas>
    <orgao id="http://estruturaorganizacional.dados.gov.br/id/unidade-organizacional/77"/>
    <segmentos-da-sociedade/>
    <areas-de-interesse>
        <item>Trabalho</item>
    </areas-de-interesse>
    <palavras-chave/>
    <legislacoes/>
</servico>
