<?xml version="1.0" encoding="UTF-8" standalone="no"?>
<servico xmlns="http://servicos.gov.br/v3/schema" xmlns:xsi="http://www.w3.org/2001/XMLSchema-instance" xsi:schemaLocation="http://servicos.gov.br/v3/schema ../servico.xsd">
    <nome>Elaboração de Termo de Rescisão de Contrato de Trabalho - TRCT</nome>
    <sigla/>
    <nomes-populares/>
    <descricao>Para elaboração de rescisão de contrato de trabalho e consulta de rescisões confeccionadas no Sistema HomologNet.</descricao>
    <gratuito/>
    <solicitantes/>
    <tempo-total-estimado>
        <descricao/>
    </tempo-total-estimado>
    <etapas>
        <etapa>
            <titulo/>
            <descricao/>
            <documentos>
                <default/>
            </documentos>
            <custos>
                <default/>
            </custos>
            <canais-de-prestacao>
                <default>
                    <canal-de-prestacao tipo="web">
                        <descricao>http://homolognet2.mte.gov.br/homolognet/login.seam;jsessionid=21B23F4F900048CE56953FEF6DAA71A6?cid=898494</descricao>
                    </canal-de-prestacao>
                    <canal-de-prestacao tipo="web">
                        <descricao>[Sistema HomologNet - Consultar Rescisão de Contrato de Trabalho](http://homolognet2.mte.gov.br/homolognet/pages/public/consultarRescisoes.seam)</descricao>
                    </canal-de-prestacao>
                </default>
            </canais-de-prestacao>
        </etapa>
    </etapas>
    <orgao id="http://estruturaorganizacional.dados.gov.br/id/unidade-organizacional/2844"/>
    <segmentos-da-sociedade>
        <item>Cidadãos</item>
        <item>Empresas</item>
    </segmentos-da-sociedade>
    <areas-de-interesse>
        <item>Trabalho</item>
    </areas-de-interesse>
    <palavras-chave/>
    <legislacoes/>
</servico>
