<?xml version="1.0" encoding="UTF-8" standalone="no"?>
<servico xmlns="http://servicos.gov.br/v3/schema" xmlns:xsi="http://www.w3.org/2001/XMLSchema-instance" xsi:schemaLocation="http://servicos.gov.br/v3/schema ../servico.xsd">
    <nome>Emissão de Darf - Dívida Ativa (Pagamento e Parcelamento / Dívida Ativa da União – DAU)</nome>
    <sigla/>
    <nomes-populares/>
    <descricao>Solicitar Darf para efetuar o pagamento, integral ou parcial, de débitos não previdenciários inscritos em Dívida Ativa da União, o pagamento de prestação de parcelamento convencional de débitos não previdenciários e/ou o pagamento de parcela de parcelamento efetivado com base na Lei 11.941/2009, de débitos previdenciários inscritos em DAU.</descricao>
    <gratuito/>
    <solicitantes/>
    <tempo-total-estimado>
        <descricao/>
    </tempo-total-estimado>
    <etapas>
        <etapa>
            <titulo/>
            <descricao/>
            <documentos>
                <default/>
            </documentos>
            <custos>
                <default/>
            </custos>
            <canais-de-prestacao>
                <default>
                    <canal-de-prestacao tipo="web">
                        <descricao>http://www2.pgfn.fazenda.gov.br/ecac/contribuinte/darf/darf.jsf</descricao>
                    </canal-de-prestacao>
                </default>
            </canais-de-prestacao>
        </etapa>
    </etapas>
    <orgao id="http://estruturaorganizacional.dados.gov.br/id/unidade-organizacional/77"/>
    <segmentos-da-sociedade>
        <item>Cidadãos</item>
        <item>Empresas</item>
    </segmentos-da-sociedade>
    <areas-de-interesse>
        <item>Economia e Finanças</item>
    </areas-de-interesse>
    <palavras-chave/>
    <legislacoes/>
</servico>
