<?xml version="1.0" encoding="UTF-8" standalone="no"?>
<servico xmlns="http://servicos.gov.br/v3/schema" xmlns:xsi="http://www.w3.org/2001/XMLSchema-instance" xsi:schemaLocation="http://servicos.gov.br/v3/schema ../servico.xsd">
    <nome>Emissão da certidão de antecedentes criminais</nome>
    <sigla/>
    <nomes-populares/>
    <descricao>Emissão do documento com validade de 90 (noventa) dias que informa a existência ou não de registros criminais nos sistemas informatizados.

* [Localização das unidades](http://www.dpf.gov.br/institucional/pf-pelo-brasil): Endereços das unidades do Departamento de Polícia Federal.

* [Formulários](http://www.dpf.gov.br/servicos/antecedentes-criminais/formulario-de-requerimento): Formulário de Requerimento de Antecedentes Criminais</descricao>
    <gratuito/>
    <solicitantes/>
    <tempo-total-estimado>
        <descricao/>
    </tempo-total-estimado>
    <etapas>
        <etapa>
            <titulo/>
            <descricao/>
            <documentos>
                <default/>
            </documentos>
            <custos>
                <default/>
            </custos>
            <canais-de-prestacao>
                <default>
                    <canal-de-prestacao tipo="web">
                        <descricao>http://www.dpf.gov.br/servicos/antecedentes-criminais/</descricao>
                    </canal-de-prestacao>
                    <canal-de-prestacao tipo="presencial">
                        <descricao>Em todas as unidades do Departamento de Polícia Federal (vide "Localização das unidades").</descricao>
                    </canal-de-prestacao>
                </default>
            </canais-de-prestacao>
        </etapa>
    </etapas>
    <orgao id="http://estruturaorganizacional.dados.gov.br/id/unidade-organizacional/324"/>
    <segmentos-da-sociedade>
        <item>Cidadãos</item>
    </segmentos-da-sociedade>
    <areas-de-interesse>
        <item>Proteção social</item>
    </areas-de-interesse>
    <palavras-chave/>
    <legislacoes/>
</servico>
