<?xml version="1.0" encoding="UTF-8" standalone="no"?>
<servico xmlns="http://servicos.gov.br/v3/schema" xmlns:xsi="http://www.w3.org/2001/XMLSchema-instance" xsi:schemaLocation="http://servicos.gov.br/v3/schema ../servico.xsd">
    <nome>Emissão de Certidão Negativa do Banco Central</nome>
    <sigla/>
    <nomes-populares/>
    <descricao>Certifica o cidadão que não tiver trabalhado como administrador, diretor ou representante de uma instituição financeira (como banco, corretora, cooperativa) que esteja ou tenha estado em liquidação extrajudicial. A certidão refere-se aos doze meses anteriores à decretação desse regime.

* [Localização das unidades](http://www.bcb.gov.br/pre/bc_atende/port/centaten.asp): Centrais de Atendimento ao Público do Banco Central</descricao>
    <gratuito/>
    <solicitantes/>
    <tempo-total-estimado>
        <descricao/>
    </tempo-total-estimado>
    <etapas>
        <etapa>
            <titulo/>
            <descricao/>
            <documentos>
                <default/>
            </documentos>
            <custos>
                <default/>
            </custos>
            <canais-de-prestacao>
                <default>
                    <canal-de-prestacao tipo="web">
                        <descricao>http://www.bcb.gov.br/pre/portalCidadao/cadsis/certidao.asp?idpai=PORTALBCB</descricao>
                    </canal-de-prestacao>
                    <canal-de-prestacao tipo="presencial">
                        <descricao>Em uma das Centrais de Atendimento ao Público do Banco Central;</descricao>
                    </canal-de-prestacao>
                    <canal-de-prestacao tipo="postal">
                        <descricao>Por correspondência para: Banco Central do Brasil Divisão de Atendimento ao Cidadão SBS Q. 3 Bloco B – Ed. Sede – 2º SS CEP 70074-900 Brasília (DF)</descricao>
                    </canal-de-prestacao>
                </default>
            </canais-de-prestacao>
        </etapa>
    </etapas>
    <orgao id="http://estruturaorganizacional.dados.gov.br/id/unidade-organizacional/89"/>
    <segmentos-da-sociedade>
        <item>Cidadãos</item>
    </segmentos-da-sociedade>
    <areas-de-interesse>
        <item>Economia e Finanças</item>
    </areas-de-interesse>
    <palavras-chave/>
    <legislacoes/>
</servico>
