<?xml version="1.0" encoding="UTF-8" standalone="no"?>
<servico xmlns="http://servicos.gov.br/v3/schema" xmlns:xsi="http://www.w3.org/2001/XMLSchema-instance" xsi:schemaLocation="http://servicos.gov.br/v3/schema ../servico.xsd">
    <nome>Emissão de Darf à SPU - Taxa de Ocupação / Foro</nome>
    <sigla/>
    <nomes-populares/>
    <descricao>O Documento de Arrecadação de Receitas Federais – Darf, deve ser utilizado para recolhimento, junto aos bancos autorizados, da taxa de ocupação ou foro dos imóveis da União, além de outros débitos de caráter extraordinário.</descricao>
    <gratuito/>
    <solicitantes/>
    <tempo-total-estimado>
        <descricao/>
    </tempo-total-estimado>
    <etapas>
        <etapa>
            <titulo/>
            <descricao/>
            <documentos>
                <default/>
            </documentos>
            <custos>
                <default/>
            </custos>
            <canais-de-prestacao>
                <default>
                    <canal-de-prestacao tipo="web">
                        <descricao>http://atendimentovirtual.spu.planejamento.gov.br/Emissoes/DARF/DARFPedido.asp</descricao>
                    </canal-de-prestacao>
                </default>
            </canais-de-prestacao>
        </etapa>
    </etapas>
    <orgao id="http://estruturaorganizacional.dados.gov.br/id/unidade-organizacional/2981"/>
    <segmentos-da-sociedade>
        <item>Cidadãos</item>
        <item>Empresas</item>
    </segmentos-da-sociedade>
    <areas-de-interesse>
        <item>Habitação</item>
    </areas-de-interesse>
    <palavras-chave/>
    <legislacoes/>
</servico>
