<?xml version="1.0" encoding="UTF-8" standalone="no"?>
<servico xmlns="http://servicos.gov.br/v3/schema" xmlns:xsi="http://www.w3.org/2001/XMLSchema-instance" xsi:schemaLocation="http://servicos.gov.br/v3/schema ../servico.xsd">
    <nome>Emissão de Certidão Previdenciária (Certidão Contribuições Previdenciárias / Certidões e Situação Fiscal)</nome>
    <sigla/>
    <nomes-populares/>
    <descricao>Solicitar a emissão de certidão de contribuições previdenciárias. A certidão para fins de averbação de imóvel é emitida somente nas unidades de atendimento presencial. A Declaração de Regularidade de Situação do Contribuinte Individual – DRS-CI deve ser solicitada no INSS.</descricao>
    <gratuito/>
    <solicitantes/>
    <tempo-total-estimado>
        <descricao/>
    </tempo-total-estimado>
    <etapas>
        <etapa>
            <titulo/>
            <descricao/>
            <documentos>
                <default/>
            </documentos>
            <custos>
                <default/>
            </custos>
            <canais-de-prestacao>
                <default>
                    <canal-de-prestacao tipo="web">
                        <descricao>http://hom.receita.fazenda.gov.br/aplicacoes/atbhe/tus/Servico.aspx?id=182&amp;idArea=3&amp;idAssunto=39</descricao>
                    </canal-de-prestacao>
                </default>
            </canais-de-prestacao>
        </etapa>
    </etapas>
    <orgao id="http://estruturaorganizacional.dados.gov.br/id/unidade-organizacional/77"/>
    <segmentos-da-sociedade>
        <item>Cidadãos</item>
        <item>Empresas</item>
    </segmentos-da-sociedade>
    <areas-de-interesse>
        <item>Economia e Finanças</item>
    </areas-de-interesse>
    <palavras-chave/>
    <legislacoes/>
</servico>
