<?xml version="1.0" encoding="UTF-8" standalone="no"?>
<servico xmlns="http://servicos.gov.br/v3/schema" xmlns:xsi="http://www.w3.org/2001/XMLSchema-instance" xsi:schemaLocation="http://servicos.gov.br/v3/schema ../servico.xsd">
    <nome>Emissão da Declaração de Aptidão da Agricultura Familiar - DAP</nome>
    <sigla/>
    <nomes-populares/>
    <descricao>A DAP é utilizada como instrumento de identificação do agricultor familiar para acessar políticas públicas, como o Pronaf. Para obtê-la, o agricultor familiar deve dirigir-se a um órgão ou entidade credenciado pelo MDA, de posse do CPF e de dados acerca de seu estabelecimento de produção (área, número de pessoas residentes, composição da força de trabalho e da renda, endereço completo).

Para realizar o credenciamento da DAP:

Os órgãos e entidades autorizados a atuarem como emissores de DAP devem providenciar seu cadastramento. Devem atender aos seguintes pré-requisitos:

• ter personalidade jurídica,
• ser representante legal dos agricultores familiares ou prestar serviços de assistência técnica e/ou extensão rural,
• ter experiência mínima de um ano, devidamente comprovada, no exercício de sua atribuição ou objetivo social junto aos agricultores familiares.

Devem também ser cadastradas e obedecer a seguinte estrutura hierárquica:

• Unidade Central de nível nacional ou Unidade Agregadora
• Unidades Intermediárias de nível estadual ou Unidades Sub-agregadoras
• Unidades Locais de nível municipal ou Unidades Emissoras.

Assim, as Unidades Agregadoras cadastram as Unidades Sub-agregadoras, que, por sua vez, cadastram as Unidades Emissoras a elas vinculadas. Essas últimas cadastram os agentes emissores – pessoas físicas que efetivamente emitirão as DAP.

* [Mais informações](http://smap14.mda.gov.br/extratopf/PesquisaTitular.aspx): Extrato da DAP individual

* [Outros](http://smap14.mda.gov.br/extratopf/PesquisaMunicipio.aspx): Extrato da DAP por município

* [Outros](http://smap14.mda.gov.br/extratopj/ExtratoDAP/ExtratoDAP.aspx): Extrato da DAP por CNPJ

* [Cartilhas e Manuais](http://www.mda.gov.br/sitemda/sites/sitemda/files/user_arquivos_64/MANUAL_DO_AGENTE_EMISSOR_CORREÇÕES_16.01.2014_(1).pdf): Manual da DAP

* [Serviços relacionados](http://www.mda.gov.br/sitemda/secretaria/saf-creditorural/sobre-o-programa): PRONAF - Programa Nacional de Fortalecimento da Agricultura Familiar

* [Formulários](http://www.mda.gov.br/sitemda/sites/sitemda/files/user_img_19/FORM_CED_20151303.xlsx): Formulário de solicitação de Cadastro de Entidades</descricao>
    <gratuito/>
    <solicitantes/>
    <tempo-total-estimado>
        <descricao/>
    </tempo-total-estimado>
    <etapas>
        <etapa>
            <titulo/>
            <descricao/>
            <documentos>
                <default/>
            </documentos>
            <custos>
                <default/>
            </custos>
            <canais-de-prestacao>
                <default>
                    <canal-de-prestacao tipo="web">
                        <descricao>http://smap12.mda.gov.br/login/default.aspx</descricao>
                    </canal-de-prestacao>
                </default>
            </canais-de-prestacao>
        </etapa>
    </etapas>
    <orgao id="http://estruturaorganizacional.dados.gov.br/id/unidade-organizacional/17125"/>
    <segmentos-da-sociedade>
        <item>Cidadãos</item>
        <item>Empresas</item>
    </segmentos-da-sociedade>
    <areas-de-interesse>
        <item>Agropecuária</item>
    </areas-de-interesse>
    <palavras-chave/>
    <legislacoes/>
</servico>
