<?xml version="1.0" encoding="UTF-8" standalone="no"?>
<servico xmlns="http://servicos.gov.br/v3/schema" xmlns:xsi="http://www.w3.org/2001/XMLSchema-instance" xsi:schemaLocation="http://servicos.gov.br/v3/schema ../servico.xsd">
    <nome>Emissão de Licença de Aquicultor</nome>
    <sigla/>
    <nomes-populares/>
    <descricao>Toda a pessoa ou empresa interessada no cultivo de organismos aquáticos (peixes, mariscos, crustáceos, algas, rãs) deve estar inscrita no Ministério da Pesca e Aquicultura para poder exercer a atividade com fins comerciais.

- Mais informações: A licença tem renovação anual. Empreendimentos até 2 ha de lâmina d´água são isentos de taxa. Para os demais a taxa varia de R$ 137,00 até R$ 450,00 conforme o porte do empreendimento. A renovação da licença também está disponível no site do ministério.</descricao>
    <gratuito/>
    <solicitantes/>
    <tempo-total-estimado>
        <descricao/>
    </tempo-total-estimado>
    <etapas>
        <etapa>
            <titulo/>
            <descricao/>
            <documentos>
                <default/>
            </documentos>
            <custos>
                <default/>
            </custos>
            <canais-de-prestacao>
                <default>
                    <canal-de-prestacao tipo="web">
                        <descricao>http://www.mpa.gov.br/index.php/aquiculturampa/registro-e-licenca-de-aquicultor/inscricao-e-renovacao-do-rgp</descricao>
                    </canal-de-prestacao>
                </default>
            </canais-de-prestacao>
        </etapa>
    </etapas>
    <orgao id="http://estruturaorganizacional.dados.gov.br/id/unidade-organizacional/72083"/>
    <segmentos-da-sociedade>
        <item>Cidadãos</item>
        <item>Empresas</item>
    </segmentos-da-sociedade>
    <areas-de-interesse>
        <item>Alimento</item>
        <item>Pecuária</item>
        <item>Agropecuária</item>
    </areas-de-interesse>
    <palavras-chave/>
    <legislacoes/>
</servico>
