<?xml version="1.0" encoding="UTF-8" standalone="no"?>
<servico xmlns="http://servicos.gov.br/v3/schema" xmlns:xsi="http://www.w3.org/2001/XMLSchema-instance" xsi:schemaLocation="http://servicos.gov.br/v3/schema ../servico.xsd">
    <nome>Enem - Exame Nacional do Ensino Médio</nome>
    <sigla/>
    <nomes-populares/>
    <descricao>Criado em 1998, o Exame Nacional do Ensino Médio (Enem) avalia o desempenho do estudante ao fim da escolaridade básica. É a principal forma de avaliação da qualidade do ensino médio. Podem participar do exame estudantes que estejam concluindo ou concluíram o ensino médio em anos anteriores. O Enem dá acesso à educação superior pública por meio do Sistema de Seleção Unificada (Sisu) e a particular com o Programa Universidade para Todos (ProUni). E também à educação profissional e tecnológica, pelo Sistema de Seleção Unificada da Educação Profissional e Tecnológica (Sisutec).</descricao>
    <gratuito/>
    <solicitantes/>
    <tempo-total-estimado>
        <descricao/>
    </tempo-total-estimado>
    <etapas>
        <etapa>
            <titulo/>
            <descricao/>
            <documentos>
                <default/>
            </documentos>
            <custos>
                <default/>
            </custos>
            <canais-de-prestacao>
                <default>
                    <canal-de-prestacao tipo="web">
                        <descricao>http://www.enem.inep.gov.br/</descricao>
                    </canal-de-prestacao>
                </default>
            </canais-de-prestacao>
        </etapa>
    </etapas>
    <orgao id="http://estruturaorganizacional.dados.gov.br/id/unidade-organizacional/244"/>
    <segmentos-da-sociedade/>
    <areas-de-interesse>
        <item>Educação básica</item>
        <item>Educação</item>
    </areas-de-interesse>
    <palavras-chave/>
    <legislacoes/>
</servico>
