<?xml version="1.0" encoding="UTF-8" standalone="no"?>
<servico xmlns="http://servicos.gov.br/v3/schema" xmlns:xsi="http://www.w3.org/2001/XMLSchema-instance" xsi:schemaLocation="http://servicos.gov.br/v3/schema ../servico.xsd">
    <nome>Enfrentamento ao tráfico de pessoas - denúncias e informações</nome>
    <sigla/>
    <nomes-populares/>
    <descricao>Recebimento de denúncias sobre possíveis casos de tráfico de pessoas para encaminhamento aos órgãos competentes. Também é prestado ao cidadão serviço de orientação e fornecimento de material informativo sobre o enfrentamento ao tráfico de pessoas.

* [Mais informações](http://portal.mj.gov.br/main.asp?View=%7B395C2E18-4401-4CAA-9961-059B959D1EE3%7D&amp;BrowserType=NN&amp;LangID=pt-br&amp;params=itemID%3D%7B07802C53-100C-4AA3-A3CD-057F1F1964D4%7D%3B&amp;UIPartUID=%7B2868BA3C-1C72-4347-BE11-A26F70F4CB26%7D): Rede de enfrentamento ao Tráfico de Pessoas.

* [Outros](http://portal.mj.gov.br/data/Pages/MJ16B51547PTBRNN.htm): Outras informações sobre o Tráfico de Pessoas.</descricao>
    <gratuito/>
    <solicitantes/>
    <tempo-total-estimado>
        <descricao/>
    </tempo-total-estimado>
    <etapas>
        <etapa>
            <titulo/>
            <descricao/>
            <documentos>
                <default/>
            </documentos>
            <custos>
                <default/>
            </custos>
            <canais-de-prestacao>
                <default>
                    <canal-de-prestacao tipo="e-mail">
                        <descricao>traficodepessoas@mj.gov.br</descricao>
                    </canal-de-prestacao>
                    <canal-de-prestacao tipo="telefone">
                        <descricao>(61) 2025-9584</descricao>
                    </canal-de-prestacao>
                    <canal-de-prestacao tipo="presencial">
                        <descricao>Esplanada dos Ministérios, Bloco T, Anexo II, 4º. Andar, sala 429; CEP: 70064-900 – Brasília – DF</descricao>
                    </canal-de-prestacao>
                </default>
            </canais-de-prestacao>
        </etapa>
    </etapas>
    <orgao id="http://estruturaorganizacional.dados.gov.br/id/unidade-organizacional/316"/>
    <segmentos-da-sociedade>
        <item>Cidadãos</item>
    </segmentos-da-sociedade>
    <areas-de-interesse>
        <item>Proteção social</item>
    </areas-de-interesse>
    <palavras-chave/>
    <legislacoes/>
</servico>
