<?xml version="1.0" encoding="UTF-8" standalone="no"?>
<servico xmlns="http://servicos.gov.br/v3/schema" xmlns:xsi="http://www.w3.org/2001/XMLSchema-instance" xsi:schemaLocation="http://servicos.gov.br/v3/schema ../servico.xsd">
    <nome>Entrega Fracionada de Mercadoria – Importação</nome>
    <sigla/>
    <nomes-populares/>
    <descricao>Solicitar a autorização para entrega fracionada de mercadoria. Solicitar a autorização para entrega fracionada de mercadoria.</descricao>
    <gratuito>true</gratuito>
    <solicitantes>
        <solicitante>
            <tipo>adfaas</tipo>
            <requisitos/>
        </solicitante>
    </solicitantes>
    <tempo-total-estimado>
        <entre max="0" min="2" unidade="horas"/>
        <descricao/>
    </tempo-total-estimado>
    <etapas>
        <etapa>
            <titulo>asdfas</titulo>
            <descricao/>
            <documentos>
                <default/>
            </documentos>
            <custos>
                <default/>
            </custos>
            <canais-de-prestacao>
                <default>
                    <canal-de-prestacao tipo="web">
                        <descricao>https://idg.receita.fazenda.gov.br/contato/unidades-de-atendimento/unidades-de-atendimento</descricao>
                    </canal-de-prestacao>
                </default>
            </canais-de-prestacao>
        </etapa>
    </etapas>
    <orgao id="http://estruturaorganizacional.dados.gov.br/id/unidade-organizacional/77"/>
    <segmentos-da-sociedade>
        <item>Empresas</item>
        <item>Cidadãos</item>
    </segmentos-da-sociedade>
    <areas-de-interesse>
        <item>Economia e Finanças</item>
        <item>Vigilância Sanitária</item>
    </areas-de-interesse>
    <palavras-chave>
        <item>adfas</item>
        <item>afasdf</item>
        <item>gsdfgsdgf</item>
    </palavras-chave>
    <legislacoes>
        <item>gsdfgsdf</item>
    </legislacoes>
</servico>
