<?xml version="1.0" encoding="UTF-8" standalone="no"?>
<servico xmlns="http://servicos.gov.br/v3/schema" xmlns:xsi="http://www.w3.org/2001/XMLSchema-instance" xsi:schemaLocation="http://servicos.gov.br/v3/schema ../servico.xsd">
    <nome>Fator Acidentário de Prevenção - FAP</nome>
    <sigla/>
    <nomes-populares/>
    <descricao>Serviços, documentos de apoio, editais de intimação e editais de publicação de resultado de julgamento do Fator Acidentário de Prevenção - FAP. Permite o Empregador, a cada empresa conhecer o detalhamento do processamento anual de seu Fator Acidentário de Prevenção – FAP, mediante acesso restrito (com senha) e demais informações sobre o referido fator; preencher e enviar contestações ao processamento anual, em 1ª e 2ª instância administrativa, conforme prazos definidos pela Previdência Social e Ministério da Fazenda; preencher e enviar pedidos de desbloqueio de bonificação do FAP e homologação destes pedidos pelos sindicatos de trabalhadores, conforme prazos definidos pela Previdência Social e Ministério da Fazenda. O serviço permite, ainda, a consulta a toda a legislação relativa ao tema FAP.

* [Telefone](undefined): Ligue 135 para obter maiores informações.</descricao>
    <gratuito/>
    <solicitantes/>
    <tempo-total-estimado>
        <descricao/>
    </tempo-total-estimado>
    <etapas>
        <etapa>
            <titulo/>
            <descricao/>
            <documentos>
                <default/>
            </documentos>
            <custos>
                <default/>
            </custos>
            <canais-de-prestacao>
                <default>
                    <canal-de-prestacao tipo="web">
                        <descricao>http://www.previdencia.gov.br/conteudoDinamico.php?id=1236</descricao>
                    </canal-de-prestacao>
                </default>
            </canais-de-prestacao>
        </etapa>
    </etapas>
    <orgao id="http://estruturaorganizacional.dados.gov.br/id/unidade-organizacional/1930"/>
    <segmentos-da-sociedade>
        <item>Empresas</item>
    </segmentos-da-sociedade>
    <areas-de-interesse>
        <item>Previdência Social</item>
    </areas-de-interesse>
    <palavras-chave/>
    <legislacoes/>
</servico>
