<?xml version="1.0" encoding="UTF-8" standalone="no"?>
<servico xmlns="http://servicos.gov.br/v3/schema" xmlns:xsi="http://www.w3.org/2001/XMLSchema-instance" xsi:schemaLocation="http://servicos.gov.br/v3/schema ../servico.xsd">
    <nome>Fundo de Garantia do Tempo de Serviço - FGTS</nome>
    <sigla/>
    <nomes-populares/>
    <descricao>O Fundo de Garantia do Tempo de Serviço - FGTS tem por finalidade assegurar para o trabalhador a constituição de pecúlio, sob a forma de reserva financeira compulsória, proporcional ao tempo de serviço, podendo essa reserva ser utilizada nas situações previstas em lei, especialmente quando da demissão sem justa causa. 

Por competência, é também finalidade do FGTS financiar empreendimentos nas áreas de habitação, saneamento básico e infraestrutura urbana, em consonância com a política nacional de desenvolvimento urbano e as políticas setoriais de habitação popular, saneamento básico e infraestrutura urbana estabelecidas pelo Governo Federal. 

O empregador está obrigado a depositar, até o dia 7 (sete) de cada mês, na conta vinculada no FGTS do empregado, a importância correspondente a 8% (oito por cento) da remuneração paga ou devida no mês anterior, incluídas na remuneração as parcelas relativas ao salário e a gratificação natalina. Nos casos de contratos de aprendizagem a alíquota é reduzida a 2%.

* [Serviços relacionados](http://www.fgts.gov.br/trabalhador/index.asp): FGTS: para o Trabalhador

* [Serviços relacionados](http://www.fgts.gov.br/empregador/index.asp): FGTS: para o Empregador

* [Serviços relacionados](http://www.fgts.gov.br/trabalhador/servicos_online/saldo_fgts.asp): Consulte o Saldo do FGTS

* [Serviços relacionados](http://www.fgts.gov.br/trabalhador/servicos_online/extrato_fgts.asp): consulte o Extrato do FGTS

* [Serviços relacionados](http://www.fgts.gov.br/trabalhador/servicos_online/atualizacao_endereco.asp): Atualize seu endereço

* [Serviços relacionados](http://www.fgts.gov.br/trabalhador/servicos_online/saldo_fgts_celular.asp): Consulte o Saldo do FGTS via celular

* [Serviços relacionados](http://www.fgts.gov.br/trabalhador/servicos_online/msg_celular.asp): Mensagens Via Celular

* [Serviços relacionados](http://www.fgts.gov.br/trabalhador/servicos_online/creditos_complementares.asp): Créditos Complementares</descricao>
    <gratuito/>
    <solicitantes/>
    <tempo-total-estimado>
        <descricao/>
    </tempo-total-estimado>
    <etapas>
        <etapa>
            <titulo/>
            <descricao/>
            <documentos>
                <default/>
            </documentos>
            <custos>
                <default/>
            </custos>
            <canais-de-prestacao>
                <default>
                    <canal-de-prestacao tipo="web">
                        <descricao>http://www.fgts.gov.br/</descricao>
                    </canal-de-prestacao>
                </default>
            </canais-de-prestacao>
        </etapa>
    </etapas>
    <orgao id="http://estruturaorganizacional.dados.gov.br/id/unidade-organizacional/2844"/>
    <segmentos-da-sociedade>
        <item>Cidadãos</item>
        <item>Empresas</item>
    </segmentos-da-sociedade>
    <areas-de-interesse>
        <item>Trabalho</item>
    </areas-de-interesse>
    <palavras-chave/>
    <legislacoes/>
</servico>
