<?xml version="1.0" encoding="UTF-8" standalone="no"?>
<servico xmlns="http://servicos.gov.br/v3/schema" xmlns:xsi="http://www.w3.org/2001/XMLSchema-instance" xsi:schemaLocation="http://servicos.gov.br/v3/schema ../servico.xsd">
    <nome>Habilitação Pessoa Jurídica em Sistemas de Comércio Exterior</nome>
    <sigla/>
    <nomes-populares/>
    <descricao>Solicitar habilitação do responsável legal da pessoa jurídica para operar no comércio exterior.

* [Serviços relacionados](http://www.receita.fazenda.gov.br/aplicacoes/atbhe/tus/default.aspx?/a/1): Ver todos os serviços do assunto "Aduana e Comércio Exterior"</descricao>
    <gratuito/>
    <solicitantes/>
    <tempo-total-estimado>
        <descricao/>
    </tempo-total-estimado>
    <etapas>
        <etapa>
            <titulo/>
            <descricao/>
            <documentos>
                <default/>
            </documentos>
            <custos>
                <default/>
            </custos>
            <canais-de-prestacao>
                <default>
                    <canal-de-prestacao tipo="web">
                        <descricao>http://www.receita.fazenda.gov.br/aplicacoes/atbhe/tus/Servico.aspx?id=2&amp;idArea=1&amp;idAssunto=16</descricao>
                    </canal-de-prestacao>
                    <canal-de-prestacao tipo="web">
                        <descricao>[ORIENTAÇÕES GERAIS - ACESSO AOS SIST. DE COMÉRCIO EXTERIOR](http://www.receita.fazenda.gov.br/Aduana/Siscomex/siscomex.htm)</descricao>
                    </canal-de-prestacao>
                    <canal-de-prestacao tipo="web">
                        <descricao>[SISCOMEX EXPORTAÇÃO – ACESSO AO SISTEMA WEB](https://www9.receita.fazenda.gov.br/g36120/jsp/logon.jsp?ind=1)</descricao>
                    </canal-de-prestacao>
                    <canal-de-prestacao tipo="web">
                        <descricao>[SISCOMEX IMPORTAÇÃO - ACESSO AO SISTEMA WEB](http://www1.siscomex.receita.fazenda.gov.br/siscomexImpweb-7/login_cert.jsp)</descricao>
                    </canal-de-prestacao>
                </default>
            </canais-de-prestacao>
        </etapa>
    </etapas>
    <orgao id="http://estruturaorganizacional.dados.gov.br/id/unidade-organizacional/77"/>
    <segmentos-da-sociedade>
        <item>Empresas</item>
    </segmentos-da-sociedade>
    <areas-de-interesse>
        <item>Economia e Finanças</item>
    </areas-de-interesse>
    <palavras-chave/>
    <legislacoes/>
</servico>
