<?xml version="1.0" encoding="UTF-8" standalone="no"?>
<servico xmlns="http://servicos.gov.br/v3/schema" xmlns:xsi="http://www.w3.org/2001/XMLSchema-instance" xsi:schemaLocation="http://servicos.gov.br/v3/schema ../servico.xsd">
    <nome>Informações sobre Condições das Rodovias e Estradas Federais</nome>
    <sigla/>
    <nomes-populares/>
    <descricao>Consiste no fornecimento de informações sobre rodovias e estradas sob a circunscrição do Departamento de Polícia Rodoviária Federal, a exemplo de interdições e bloqueios, condições das vias, localizações de Postos da Polícia Rodoviária Federal, dentre outras.

* [Localização das unidades](http://www.dprf.gov.br/PortalInternet/enderecosETelefones.faces): Endereços de todas as unidades do Departamente de Polícia Rodoviária Federal.</descricao>
    <gratuito/>
    <solicitantes/>
    <tempo-total-estimado>
        <descricao/>
    </tempo-total-estimado>
    <etapas>
        <etapa>
            <titulo/>
            <descricao/>
            <documentos>
                <default/>
            </documentos>
            <custos>
                <default/>
            </custos>
            <canais-de-prestacao>
                <default>
                    <canal-de-prestacao tipo="telefone">
                        <descricao>191</descricao>
                    </canal-de-prestacao>
                    <canal-de-prestacao tipo="e-mail">
                        <descricao>Por meio dos endereços eletrônicos das “Centrais de Informações Operacionais” do Departamento de Polícia Rodoviária Federal: ciop.df@dprf.gov.br e ciop.regional@dprf.gov.br</descricao>
                    </canal-de-prestacao>
                    <canal-de-prestacao tipo="presencial">
                        <descricao>Em qualquer Unidade ou Equipe de Ronda do Departamento de Polícia Rodoviária Federal, cujos endereços estão disponíveis no site do órgão (vide "Localização das unidades").</descricao>
                    </canal-de-prestacao>
                </default>
            </canais-de-prestacao>
        </etapa>
    </etapas>
    <orgao id="http://estruturaorganizacional.dados.gov.br/id/unidade-organizacional/704"/>
    <segmentos-da-sociedade>
        <item>Cidadãos</item>
    </segmentos-da-sociedade>
    <areas-de-interesse>
        <item>Proteção social</item>
    </areas-de-interesse>
    <palavras-chave/>
    <legislacoes/>
</servico>
