<?xml version="1.0" encoding="UTF-8" standalone="no"?>
<servico xmlns="http://servicos.gov.br/v3/schema" xmlns:xsi="http://www.w3.org/2001/XMLSchema-instance" xsi:schemaLocation="http://servicos.gov.br/v3/schema ../servico.xsd">
    <nome>Inscrição, Alteração e Consulta de Matrícula CEI - Cadastro Específico do INSS</nome>
    <sigla/>
    <nomes-populares/>
    <descricao>Solicitar inscrição (concessão), alteração ou realizar consulta de matrícula CEI – Castrado Específico do INSS. Entre outros, estão sujeitos à matrícula CEI as pessoas físicas equiparadas à empresas e empresas desobrigadas da inscrição no CNPJ. Na inscrição, o número da matrícula é fornecido automaticamente. Após o cadastramento, o contribuinte tem 24 horas para fazer alterações cadastrais via internet. Após este prazo, o contribuinte deverá dirigir-se a qualquer unidade de atendimento.</descricao>
    <gratuito/>
    <solicitantes/>
    <tempo-total-estimado>
        <descricao/>
    </tempo-total-estimado>
    <etapas>
        <etapa>
            <titulo/>
            <descricao/>
            <documentos>
                <default/>
            </documentos>
            <custos>
                <default/>
            </custos>
            <canais-de-prestacao>
                <default>
                    <canal-de-prestacao tipo="web">
                        <descricao>http://www2.dataprev.gov.br/ceiweb/index.view</descricao>
                    </canal-de-prestacao>
                </default>
            </canais-de-prestacao>
        </etapa>
    </etapas>
    <orgao id="http://estruturaorganizacional.dados.gov.br/id/unidade-organizacional/77"/>
    <segmentos-da-sociedade>
        <item>Cidadãos</item>
        <item>Empresas</item>
    </segmentos-da-sociedade>
    <areas-de-interesse>
        <item>Economia e Finanças</item>
    </areas-de-interesse>
    <palavras-chave/>
    <legislacoes/>
</servico>
