<?xml version="1.0" encoding="UTF-8" standalone="no"?>
<servico xmlns="http://servicos.gov.br/v3/schema" xmlns:xsi="http://www.w3.org/2001/XMLSchema-instance" xsi:schemaLocation="http://servicos.gov.br/v3/schema ../servico.xsd">
    <nome>Inscrição/Alteração/Cancelamento no Cadastro Nacional da Pessoa Jurídica (CNPJ) - Entrega Prévia de
        Documentos</nome>
    <sigla/>
    <nomes-populares/>
    <descricao>Solicitar inscrição e alteração no Cadastro Nacional da Pessoa Jurídica, acompanhado do Documento Básico de Entrada (DBE) e demais documentos necessários. Cancelar um pedido perante o CNPJ (este cancelamento é possível até o instante da recepção da solicitação pela Receita Federal ou convenente). Público alvo: pessoa jurídica.

* [Mais informações](http://www.receita.fazenda.gov.br/PessoaJuridica/CNPJ/ConsulSitCadastralCNPJ.htm): Orientações gerais sobre o serviço

* [Serviços relacionados](http://www.receita.fazenda.gov.br/aplicacoes/atbhe/tus/default.aspx?/a/2): Ver todos os serviços do assunto "Cadastros"</descricao>
    <gratuito/>
    <solicitantes/>
    <tempo-total-estimado>
        <descricao/>
    </tempo-total-estimado>
    <etapas>
        <etapa>
            <titulo/>
            <descricao/>
            <documentos>
                <default/>
            </documentos>
            <custos>
                <default/>
            </custos>
            <canais-de-prestacao>
                <default>
                    <canal-de-prestacao tipo="web">
                        <descricao>https://idg.receita.fazenda.gov.br/contato/unidades-de-atendimento/unidades-de-atendimento</descricao>
                    </canal-de-prestacao>
                    <canal-de-prestacao tipo="web">
                        <descricao>[Acesso direto ou com senha específica](http://www.receita.fazenda.gov.br/PessoaJuridica/CNPJ/ConsulSitCadastralCNPJ.htm)</descricao>
                    </canal-de-prestacao>
                    <canal-de-prestacao tipo="web">
                        <descricao>[Instituições conveniadas](http://www.receita.fazenda.gov.br/atendcontrib/InstituicaoConv.htm)</descricao>
                    </canal-de-prestacao>
                </default>
            </canais-de-prestacao>
        </etapa>
    </etapas>
    <orgao id="http://estruturaorganizacional.dados.gov.br/id/unidade-organizacional/77"/>
    <segmentos-da-sociedade>
        <item>Empresas</item>
    </segmentos-da-sociedade>
    <areas-de-interesse>
        <item>Economia e Finanças</item>
    </areas-de-interesse>
    <palavras-chave/>
    <legislacoes/>
</servico>
