<?xml version="1.0" encoding="UTF-8" standalone="no"?>
<servico xmlns="http://servicos.gov.br/v3/schema" xmlns:xsi="http://www.w3.org/2001/XMLSchema-instance" xsi:schemaLocation="http://servicos.gov.br/v3/schema ../servico.xsd">
    <nome>Instituto Nacional de Meteorologia (INMET)</nome>
    <sigla/>
    <nomes-populares/>
    <descricao>O Instituto Nacional de Meteorologia (INMET) foi criado em 1909 e é órgão federal da administração direta do Ministério da Agricultura, Pecuária e Abastecimento (MAPA) com a missão de prover informações meteorológicas confiáveis à Sociedade Brasileira e influir construtivamente no processo de tomada de decisão, contribuindo para o desenvolvimento sustentável do País. Esta missão é atingida através do Monitoramento, Análise e Previsão do Tempo e Clima, fundamentados em pesquisa aplicada, no trabalho em parceria e no compartilhamento do conhecimento, com ênfase em resultados práticos e confiáveis. A máxima do Instituto é a satisfação da sociedade, vendo atendidas suas necessidades de informações em situações diversas, como no caso de desastres naturais relacionados com inundações e secas extremas que afetam as atividades rotineiras e limitam a sobrevivência.
</descricao>
    <gratuito/>
    <solicitantes/>
    <tempo-total-estimado>
        <descricao/>
    </tempo-total-estimado>
    <etapas>
        <etapa>
            <titulo/>
            <descricao/>
            <documentos>
                <default/>
            </documentos>
            <custos>
                <default/>
            </custos>
            <canais-de-prestacao>
                <default>
                    <canal-de-prestacao tipo="web">
                        <descricao>http://www.inmet.gov.br/</descricao>
                    </canal-de-prestacao>
                </default>
            </canais-de-prestacao>
        </etapa>
    </etapas>
    <orgao id="http://estruturaorganizacional.dados.gov.br/doc/unidade-organizacional/14"/>
    <segmentos-da-sociedade>
        <item>Cidadãos</item>
        <item>Empresas</item>
    </segmentos-da-sociedade>
    <areas-de-interesse>
        <item>Previdência Social</item>
        <item>Meio ambiente</item>
        <item>Agropecuária</item>
    </areas-de-interesse>
    <palavras-chave/>
    <legislacoes/>
</servico>
