<?xml version="1.0" encoding="UTF-8" standalone="no"?>
<servico xmlns="http://servicos.gov.br/v3/schema" xmlns:xsi="http://www.w3.org/2001/XMLSchema-instance" xsi:schemaLocation="http://servicos.gov.br/v3/schema ../servico.xsd">
    <nome>Intimação de Pagamento - GFIP X GPS</nome>
    <sigla/>
    <nomes-populares/>
    <descricao>Consultar pela internet o relatório de divergências e/ou apresentar documentos para contestar a cobrança das divergências de uma ou várias competências identificadas na Intimação para Pagamento – IP em uma unidade de atendimento.

* [Serviços relacionados](http://www.receita.fazenda.gov.br/aplicacoes/atbhe/tus/default.aspx?/a/4): Ver todos os serviços do assunto "Cobrança e Fiscalização"</descricao>
    <gratuito/>
    <solicitantes/>
    <tempo-total-estimado>
        <descricao/>
    </tempo-total-estimado>
    <etapas>
        <etapa>
            <titulo/>
            <descricao/>
            <documentos>
                <default/>
            </documentos>
            <custos>
                <default/>
            </custos>
            <canais-de-prestacao>
                <default>
                    <canal-de-prestacao tipo="web">
                        <descricao>http://www020.dataprev.gov.br/pls/pradar/pkg_divergencias.pr_Diverg</descricao>
                    </canal-de-prestacao>
                    <canal-de-prestacao tipo="presencial">
                        <descricao>[Unidades de atendimento presencial (apenas na jurisdição do contribuinte)](https://idg.receita.fazenda.gov.br/contato/unidades-de-atendimento/unidades-de-atendimento)</descricao>
                    </canal-de-prestacao>
                </default>
            </canais-de-prestacao>
        </etapa>
    </etapas>
    <orgao id="http://estruturaorganizacional.dados.gov.br/id/unidade-organizacional/77"/>
    <segmentos-da-sociedade>
        <item>Empresas</item>
    </segmentos-da-sociedade>
    <areas-de-interesse>
        <item>Economia e Finanças</item>
    </areas-de-interesse>
    <palavras-chave/>
    <legislacoes/>
</servico>
