<?xml version="1.0" encoding="UTF-8" standalone="no"?>
<servico xmlns="http://servicos.gov.br/v3/schema" xmlns:xsi="http://www.w3.org/2001/XMLSchema-instance" xsi:schemaLocation="http://servicos.gov.br/v3/schema ../servico.xsd">
    <nome>Isenção do IRPF - Doenças Graves (DIRPF - Declaração do Imposto sobre a Renda da Pessoa Física / Declarações
        e Demonstrativos)</nome>
    <sigla/>
    <nomes-populares/>
    <descricao>Obter orientações sobre isenção do Imposto de Renda da Pessoa Física. para "Obter orientações sobre condições e procedimentos para solicitar isenção do Imposto de Renda da Pessoa Física nos casos de doenças graves e, se for o caso, procedimentos para solicitar restituição."</descricao>
    <gratuito/>
    <solicitantes/>
    <tempo-total-estimado>
        <descricao/>
    </tempo-total-estimado>
    <etapas>
        <etapa>
            <titulo/>
            <descricao/>
            <documentos>
                <default/>
            </documentos>
            <custos>
                <default/>
            </custos>
            <canais-de-prestacao>
                <default>
                    <canal-de-prestacao tipo="web">
                        <descricao>http://www.receita.fazenda.gov.br/Aplicacoes/ATBHE/TUS/Servico.aspx?id=622&amp;idArea=4&amp;idAssunto=136</descricao>
                    </canal-de-prestacao>
                </default>
            </canais-de-prestacao>
        </etapa>
    </etapas>
    <orgao id="http://estruturaorganizacional.dados.gov.br/id/unidade-organizacional/77"/>
    <segmentos-da-sociedade>
        <item>Cidadãos</item>
    </segmentos-da-sociedade>
    <areas-de-interesse>
        <item>Economia e Finanças</item>
    </areas-de-interesse>
    <palavras-chave/>
    <legislacoes/>
</servico>
