<?xml version="1.0" encoding="UTF-8" standalone="no"?>
<servico xmlns="http://servicos.gov.br/v3/schema" xmlns:xsi="http://www.w3.org/2001/XMLSchema-instance" xsi:schemaLocation="http://servicos.gov.br/v3/schema ../servico.xsd">
    <nome>Licença de Pescador Amador</nome>
    <sigla/>
    <nomes-populares/>
    <descricao>A licença de pesca amadora é o que permite a qualquer pessoa realizar uma pescaria, para lazer ou esporte (sem fins comerciais), nos rios, lagos e mar.

* [Mais informações](undefined): A licença é valida por um ano é impressa no site depois do pagamento. A taxa é de R$ 20,00 para
                desembarcado e R$ 60,00 para embarcado. Aposentados ou maiores de 65 anos (H) e 60 (M) são isentos de
                taxa. A pesca com linha de mão é isenta da licença.</descricao>
    <gratuito/>
    <solicitantes/>
    <tempo-total-estimado>
        <descricao/>
    </tempo-total-estimado>
    <etapas>
        <etapa>
            <titulo/>
            <descricao/>
            <documentos>
                <default/>
            </documentos>
            <custos>
                <default/>
            </custos>
            <canais-de-prestacao>
                <default>
                    <canal-de-prestacao tipo="web">
                        <descricao>http://sinpesq.mpa.gov.br/pndpa/web/</descricao>
                    </canal-de-prestacao>
                </default>
            </canais-de-prestacao>
        </etapa>
    </etapas>
    <orgao id="http://estruturaorganizacional.dados.gov.br/id/unidade-organizacional/72083"/>
    <segmentos-da-sociedade>
        <item>Cidadãos</item>
    </segmentos-da-sociedade>
    <areas-de-interesse>
        <item>Agropecuária</item>
    </areas-de-interesse>
    <palavras-chave/>
    <legislacoes/>
</servico>
