<?xml version="1.0" encoding="UTF-8" standalone="no"?>
<servico xmlns="http://servicos.gov.br/v3/schema" xmlns:xsi="http://www.w3.org/2001/XMLSchema-instance" xsi:schemaLocation="http://servicos.gov.br/v3/schema ../servico.xsd">
    <nome>Lista de Devedores na Dívida Ativa da União</nome>
    <sigla/>
    <nomes-populares/>
    <descricao>Consultar a relação das pessoas físicas e jurídicas, que possuem débitos com a Fazenda Nacional inscritos em Dívida Ativa da União, na condição de devedor principal, corresponsável ou solidário. Não estão relacionados na lista aqueles devedores que tenham crédito com exigibilidade suspensa ou que tenham ação ajuizada com o objetivo de discutir a natureza da obrigação ou o seu valor e com garantia idônea e suficiente ao Juízo, na forma da lei.</descricao>
    <gratuito/>
    <solicitantes/>
    <tempo-total-estimado>
        <descricao/>
    </tempo-total-estimado>
    <etapas>
        <etapa>
            <titulo/>
            <descricao/>
            <documentos>
                <default/>
            </documentos>
            <custos>
                <default/>
            </custos>
            <canais-de-prestacao>
                <default>
                    <canal-de-prestacao tipo="web">
                        <descricao>http://www2.pgfn.fazenda.gov.br/ecac/contribuinte/login.jsf</descricao>
                    </canal-de-prestacao>
                </default>
            </canais-de-prestacao>
        </etapa>
    </etapas>
    <orgao id="http://estruturaorganizacional.dados.gov.br/id/unidade-organizacional/77"/>
    <segmentos-da-sociedade>
        <item>Cidadãos</item>
        <item>Empresas</item>
    </segmentos-da-sociedade>
    <areas-de-interesse>
        <item>Economia e Finanças</item>
    </areas-de-interesse>
    <palavras-chave/>
    <legislacoes/>
</servico>
