<?xml version="1.0" encoding="UTF-8" standalone="no"?>
<servico xmlns="http://servicos.gov.br/v3/schema" xmlns:xsi="http://www.w3.org/2001/XMLSchema-instance" xsi:schemaLocation="http://servicos.gov.br/v3/schema ../servico.xsd">
    <nome>Manutenção do Registro de Pescador Profissional</nome>
    <sigla/>
    <nomes-populares/>
    <descricao>O pescador registrado no Ministério da Pesca e Aquicultura, portador da Carteira de Pescador, deve, anualmente, apresentar ao ministério um relatório da sua produção para manter o seu registro ativo.

* [Localização das unidades](http://www.mpa.gov.br/index.php/ministeriompa/superintendencias-federais): Endereços e contatos das Superintendências Federais de Pesca e Aquicultura</descricao>
    <gratuito/>
    <solicitantes/>
    <tempo-total-estimado>
        <descricao/>
    </tempo-total-estimado>
    <etapas>
        <etapa>
            <titulo/>
            <descricao/>
            <documentos>
                <default/>
            </documentos>
            <custos>
                <default/>
            </custos>
            <canais-de-prestacao>
                <default>
                    <canal-de-prestacao tipo="presencial">
                        <descricao>Para fazer a manutenção anual do registro o pescador deve procurar a Superintendência Federal de Pesca e Aquicultura no seu estado ou sua entidade representativa de classe (colônia, associação ou sindicato).</descricao>
                    </canal-de-prestacao>
                </default>
            </canais-de-prestacao>
        </etapa>
    </etapas>
    <orgao id="http://estruturaorganizacional.dados.gov.br/id/unidade-organizacional/72083"/>
    <segmentos-da-sociedade/>
    <areas-de-interesse>
        <item>Agropecuária</item>
    </areas-de-interesse>
    <palavras-chave/>
    <legislacoes/>
</servico>
