<?xml version="1.0" encoding="UTF-8" standalone="no"?>
<servico xmlns="http://servicos.gov.br/v3/schema" xmlns:xsi="http://www.w3.org/2001/XMLSchema-instance" xsi:schemaLocation="http://servicos.gov.br/v3/schema ../servico.xsd">
    <nome>Manutenção da certificação de entidades sociais com emissão de certidão de regularidade (OSCIP, UPF, OE)</nome>
    <sigla/>
    <nomes-populares/>
    <descricao>Após serem certificadas pelo Ministério da Justiça, as entidades sociais (Organização da Sociedade Civil de Interesse Público - OSCIP, Utilidade Pública Federal - UPF e Organizações Estrangeiras - OE) deverão apresentar anualmente seus relatórios de atividades, acompanhados das demonstrações financeiras, por meio do Cadastro Nacional de Entidades Sociais do Ministério da Justiça (CNES/MJ), a fim de obterem a certidão de regularidade.

* [Mais informações](undefined): sac.dejus@mj.gov.br

* [Mais informações](http://portal.mj.gov.br/main.asp?ViewID=%7BFC1E6BD5-BD5D-44AB-A646-6BC137CF9C97%7D&amp;params=itemID=%7B1C837A41-2B2B-430F-8F9C-1FF0CB7341FF%7D;&amp;UIPartUID=%7B2868BA3C-1C72-4347-BE11-A26F70F4CB26%7D): Saiba mais informações sobre o CNEs/MJ.

* [Serviços relacionados](http://portal.mj.gov.br/main.asp?View=%7BAFE5E30D-EE44-4EC7-B535-10F6F53FC483%7D): Consulta de entidades qualificadas no Ministério da Justiça</descricao>
    <gratuito/>
    <solicitantes/>
    <tempo-total-estimado>
        <descricao/>
    </tempo-total-estimado>
    <etapas>
        <etapa>
            <titulo/>
            <descricao/>
            <documentos>
                <default/>
            </documentos>
            <custos>
                <default/>
            </custos>
            <canais-de-prestacao>
                <default>
                    <canal-de-prestacao tipo="web">
                        <descricao>http://portal.mj.gov.br/main.asp?View=%7BFC1E6BD5-BD5D-44AB-A646-6BC137CF9C97%7D&amp;BrowserType=IE&amp;LangID=pt-br&amp;params=itemID%253D%257B06BA3852-2781-46B8-95AF-51A7B23AA002%257D%253B%26UIPartUID%3D%257B2868BA3C-1C72-4347-BE11-A26F70F4CB26%257D</descricao>
                    </canal-de-prestacao>
                    <canal-de-prestacao tipo="postal">
                        <descricao>Quando necessário encaminhar o relatório por meio físico ao Ministério da Justiça, encaminhar para o endereço: Esplanada dos Ministérios, bloco T, Térreo, Anexo II. Brasília/DF. CEP 70.064-900.</descricao>
                    </canal-de-prestacao>
                </default>
            </canais-de-prestacao>
        </etapa>
    </etapas>
    <orgao id="http://estruturaorganizacional.dados.gov.br/id/unidade-organizacional/316"/>
    <segmentos-da-sociedade>
        <item>Empresas</item>
    </segmentos-da-sociedade>
    <areas-de-interesse>
        <item>Proteção social</item>
    </areas-de-interesse>
    <palavras-chave/>
    <legislacoes/>
</servico>
