<?xml version="1.0" encoding="UTF-8" standalone="no"?>
<servico xmlns="http://servicos.gov.br/v3/schema" xmlns:xsi="http://www.w3.org/2001/XMLSchema-instance" xsi:schemaLocation="http://servicos.gov.br/v3/schema ../servico.xsd">
    <nome>Multas de Trânsito - Departamento de Polícia Rodoviária Federal</nome>
    <sigla/>
    <nomes-populares/>
    <descricao>Disponibiliza a emissão de certidão de "Nada Consta" de multas de trânsito emitidas pelo Departamento de Polícia Rodoviária Federal referentes a placas de veículos, CPFs ou CNPJs.

Informações sobre o serviço de defesa de autuação, que consiste no recebimento e registro de defesa prévia da notiﬁcação da autuação feita pela Polícia Rodoviária Federal, em decorrência do cometimento de infração de trânsito. Pode ser solicitado por pessoa física ou jurídica proprietária do veículo autuado pela Polícia Rodoviária Federal, o condutor, o embarcador e o transportador responsáveis pela infração.

* [Localização das unidades](http://www.dprf.gov.br/PortalInternet/enderecosETelefones.faces): Endereços do Departamento de Polícia Rodoviária Federal

* [Formulários](https://www.prf.gov.br/portal/multas-e-infracoes/arquivos/formulario-de-recurso): Requerimento de Defesa de Autuação

* [Serviços relacionados](http://www.dprf.gov.br/PortalInternet/servicosAComunidade.faces): Outros serviços relacionados à multa de trânsito

* [Mais informações](http://www.dprf.gov.br/PortalInternet/index.faces): Departamento de Polícia Rodoviária Federal</descricao>
    <gratuito/>
    <solicitantes/>
    <tempo-total-estimado>
        <descricao/>
    </tempo-total-estimado>
    <etapas>
        <etapa>
            <titulo/>
            <descricao/>
            <documentos>
                <default/>
            </documentos>
            <custos>
                <default/>
            </custos>
            <canais-de-prestacao>
                <default>
                    <canal-de-prestacao tipo="web">
                        <descricao>http://www.dprf.gov.br/PortalInternet/enderecosETelefones.faces</descricao>
                    </canal-de-prestacao>
                    <canal-de-prestacao tipo="web">
                        <descricao>[Emissão de "Nada Consta"](https://www.prf.gov.br/nda_internet/)</descricao>
                    </canal-de-prestacao>
                    <canal-de-prestacao tipo="postal">
                        <descricao>Para Defesa de Autuação: Por via postal - por meio do encaminhamento de correspondência pelos Correios, contendo a Defesa da Autuação, endereçada à Unidade Sede ou às Unidades Regionais da Polícia Rodoviária Federal (vide "Localização das Unidades").</descricao>
                    </canal-de-prestacao>
                </default>
            </canais-de-prestacao>
        </etapa>
    </etapas>
    <orgao id="http://estruturaorganizacional.dados.gov.br/id/unidade-organizacional/316"/>
    <segmentos-da-sociedade>
        <item>Cidadãos</item>
    </segmentos-da-sociedade>
    <areas-de-interesse>
        <item>Proteção social</item>
    </areas-de-interesse>
    <palavras-chave/>
    <legislacoes/>
</servico>
