<?xml version="1.0" encoding="UTF-8" standalone="no"?>
<servico xmlns="http://servicos.gov.br/v3/schema" xmlns:xsi="http://www.w3.org/2001/XMLSchema-instance" xsi:schemaLocation="http://servicos.gov.br/v3/schema ../servico.xsd">
    <nome>Notificação de Compensação de Ofício da Malha Débito (Compensação de Ofício / Restituição e Compensação)</nome>
    <sigla/>
    <nomes-populares/>
    <descricao>A Notificação de Compensação de Ofício da Malha Débito é um instrumento que visa informar ao contribuinte que a Declaração de Imposto de Renda da Pessoa Física Ajuste Anual/Final de Espólio/Saída Definitiva foi processada e resultou em imposto a restituir. No entanto, quando das verificações para a liberação da restituição, foi constatada a existência de débito(s), no âmbito da Secretaria da Receita Federal do Brasil e/ou inscritos em Dívida Ativa da União.</descricao>
    <gratuito/>
    <solicitantes/>
    <tempo-total-estimado>
        <descricao/>
    </tempo-total-estimado>
    <etapas>
        <etapa>
            <titulo/>
            <descricao/>
            <documentos>
                <default/>
            </documentos>
            <custos>
                <default/>
            </custos>
            <canais-de-prestacao>
                <default>
                    <canal-de-prestacao tipo="web">
                        <descricao>http://www.receita.fazenda.gov.br/PessoaFisica/IRPF/2015/comum.htm?ano=2015&amp;pagina=IntimacaoNotificacao.htm</descricao>
                    </canal-de-prestacao>
                </default>
            </canais-de-prestacao>
        </etapa>
    </etapas>
    <orgao id="http://estruturaorganizacional.dados.gov.br/id/unidade-organizacional/77"/>
    <segmentos-da-sociedade>
        <item>Cidadãos</item>
    </segmentos-da-sociedade>
    <areas-de-interesse>
        <item>Economia e Finanças</item>
    </areas-de-interesse>
    <palavras-chave/>
    <legislacoes/>
</servico>
