<?xml version="1.0" encoding="UTF-8" standalone="no"?>
<servico xmlns="http://servicos.gov.br/v3/schema" xmlns:xsi="http://www.w3.org/2001/XMLSchema-instance" xsi:schemaLocation="http://servicos.gov.br/v3/schema ../servico.xsd">
    <nome>Parcelamento Simplificado Previdenciário DAU (Parcelamento Dívida Ativa da União – DAU / Pagamentos e
        Parcelamentos)</nome>
    <sigla/>
    <nomes-populares/>
    <descricao>Parcelar débitos previdenciários inscritos na Dívida Ativa da União. O parcelamento simplificado é destinado para débitos inscritos em DAU, cujo valor corresponda a até R$ 500.000,00 (quinhentos mil reais) e que não foram parcelados anteriormente em até 60 (sessenta) parcelas mensais.</descricao>
    <gratuito/>
    <solicitantes/>
    <tempo-total-estimado>
        <descricao/>
    </tempo-total-estimado>
    <etapas>
        <etapa>
            <titulo/>
            <descricao/>
            <documentos>
                <default/>
            </documentos>
            <custos>
                <default/>
            </custos>
            <canais-de-prestacao>
                <default>
                    <canal-de-prestacao tipo="web">
                        <descricao>http://www.pgfn.fazenda.gov.br/divida-ativa-da-uniao/todos-os-servicos/informacoes-e-servicos-para-pessoa-fisica/parcelamentos/parcelamentos</descricao>
                    </canal-de-prestacao>
                </default>
            </canais-de-prestacao>
        </etapa>
    </etapas>
    <orgao id="http://estruturaorganizacional.dados.gov.br/id/unidade-organizacional/77"/>
    <segmentos-da-sociedade>
        <item>Cidadãos</item>
        <item>Empresas</item>
    </segmentos-da-sociedade>
    <areas-de-interesse>
        <item>Economia e Finanças</item>
    </areas-de-interesse>
    <palavras-chave/>
    <legislacoes/>
</servico>
