<?xml version="1.0" encoding="UTF-8" standalone="no"?>
<servico xmlns="http://servicos.gov.br/v3/schema" xmlns:xsi="http://www.w3.org/2001/XMLSchema-instance" xsi:schemaLocation="http://servicos.gov.br/v3/schema ../servico.xsd">
    <nome>Passaporte</nome>
    <sigla/>
    <nomes-populares/>
    <descricao>Execução de atividades relacionadas ao serviço de expedição e controle de documentos de viagem, emitidos pela Polícia Federal:

* Passaporte comum;
* Passaporte para estrangeiro;
* Laissez-Passer;
* Passaporte de emergência

Como Obter o Passaporte:

* Preencher o formulário disponível no portal da Polícia Federal . Em caso de dúvidas sobre o preenchimento, informações podem ser obtidas pelo telefone 194.
* Pagar a taxa devida para a emissão do documento através da Guia de Recolhimento da União – GRU, na rede bancária, respeitando sua data de vencimento.
* Comparecer pessoalmente nos locais de atendimento da Polícia Federal munido da documentação original exigida, da GRU paga e do protocolo da solicitação, para fornecer os dados biométricos (fotografia, impressões digitais e assinatura).
* O passaporte será entregue pessoalmente a seu titular, mediante apresentação de documento de identificação.

Observação:
A GRU será gerada automaticamente após o preenchimento do formulário, sendo imprescindível preencher o número do CPF do requerente ou do seu responsável, se for o caso.

Para Passaporte de Emergência:

* Preencher o formulário disponível no portal da Polícia Federal. Em caso de dúvidas sobre o preenchimento, informações podem ser obtidas pelo telefone 194;
* Comparecer pessoalmente nos locais de atendimento da Polícia Federal autorizados a emitir Passaporte de Emergência (verificar no portal), munido da documentação exigida;
* Aguardar o deferimento da solicitação de passaporte, uma vez que será avaliada a situação emergencial;
* Se deferido, pagar a taxa devida para a emissão do documento através da Guia de Recolhimento da União – GRU –, na rede bancária, respeitando sua data de vencimento.

Observação:

* Na cidade de São Paulo/SP, o Passaporte de Emergência apenas é emitido no posto localizado no prédio da Superintendência Regional, na Lapa, e na cidade do Rio de Janeiro/RJ, apenas no posto localizado no Aeroporto Internacional Tom Jobim (Galeão).
* [Mais informações](http://www.dpf.gov.br/servicos/passaporte): Informações gerais sobre Passaporte
* [Telefone](undefined): Dúvidas sobre Emissão de Passaportes: ligue 194
* [Localização das unidades](http://www.dpf.gov.br/institucional/pf-pelo-brasil/): Unidades do Departamento da Polícia Federal de cada região
* [Mais informações](http://www.dpf.gov.br/servicos/passaporte/documentacao-necessaria): Documentação necessária para requerer Passaporte</descricao>
    <gratuito>false</gratuito>
    <solicitantes/>
    <tempo-total-estimado>
        <descricao/>
    </tempo-total-estimado>
    <etapas>
        <etapa>
            <titulo/>
            <descricao/>
            <documentos>
                <default/>
            </documentos>
            <custos>
                <default>
                    <custo>
                        <descricao>Taxa de emissão</descricao>
                        <moeda>R$</moeda>
                        <valor>275,25</valor>
                    </custo>
                </default>
            </custos>
            <canais-de-prestacao>
                <default>
                    <canal-de-prestacao tipo="web">
                        <descricao>http://www.dpf.gov.br/servicos/passaporte/requerer-passaporte</descricao>
                    </canal-de-prestacao>
                </default>
            </canais-de-prestacao>
        </etapa>
    </etapas>
    <orgao id="http://estruturaorganizacional.dados.gov.br/id/unidade-organizacional/316"/>
    <segmentos-da-sociedade>
        <item>Cidadãos</item>
    </segmentos-da-sociedade>
    <areas-de-interesse>
        <item>Transportes</item>
    </areas-de-interesse>
    <palavras-chave/>
    <legislacoes/>
</servico>
