<?xml version="1.0" encoding="UTF-8" standalone="no"?>
<servico xmlns="http://servicos.gov.br/v3/schema" xmlns:xsi="http://www.w3.org/2001/XMLSchema-instance" xsi:schemaLocation="http://servicos.gov.br/v3/schema ../servico.xsd">
    <nome>Pedido de Enquadramento – Bebidas Quentes</nome>
    <sigla/>
    <nomes-populares/>
    <descricao>Realizar pedido de enquadramento de bebidas classificadas nas posições 22.04, 22.05, 22.06 e 22.08 da Tabela de Incidência do Imposto sobre Produtos Industrializados (Tipi) em classes de valores do imposto, de conformidade com o disposto na Lei nº 7.798, de 10 de julho de 1989, e no Decreto nº 4.544, de 26 de dezembro de 2002 - Regulamento do Imposto sobre Produtos Industrializados (Ripi).</descricao>
    <gratuito/>
    <solicitantes/>
    <tempo-total-estimado>
        <descricao/>
    </tempo-total-estimado>
    <etapas>
        <etapa>
            <titulo/>
            <descricao/>
            <documentos>
                <default/>
            </documentos>
            <custos>
                <default/>
            </custos>
            <canais-de-prestacao>
                <default>
                    <canal-de-prestacao tipo="web">
                        <descricao>https://www.receita.fazenda.gov.br/Aplicacoes/SSL/ATPAE/IPIEnquad/Solicitacao/PreSolicitacaoM.asp</descricao>
                    </canal-de-prestacao>
                </default>
            </canais-de-prestacao>
        </etapa>
    </etapas>
    <orgao id="http://estruturaorganizacional.dados.gov.br/id/unidade-organizacional/77"/>
    <segmentos-da-sociedade>
        <item>Empresas</item>
    </segmentos-da-sociedade>
    <areas-de-interesse>
        <item>Economia e Finanças</item>
    </areas-de-interesse>
    <palavras-chave/>
    <legislacoes/>
</servico>
