<?xml version="1.0" encoding="UTF-8" standalone="no"?>
<servico xmlns="http://servicos.gov.br/v3/schema" xmlns:xsi="http://www.w3.org/2001/XMLSchema-instance" xsi:schemaLocation="http://servicos.gov.br/v3/schema ../servico.xsd">
    <nome>Plantão Fiscal para Dúvidas Trabalhistas</nome>
    <sigla/>
    <nomes-populares/>
    <descricao>Serviço prestado de forma presencial pela auditoria fiscal do trabalho, para responder às dúvidas da população ou coleta de denúncias.

* [Localização das unidades](http://portal.mte.gov.br/postos/)</descricao>
    <gratuito/>
    <solicitantes/>
    <tempo-total-estimado>
        <descricao/>
    </tempo-total-estimado>
    <etapas>
        <etapa>
            <titulo/>
            <descricao/>
            <documentos>
                <default/>
            </documentos>
            <custos>
                <default/>
            </custos>
            <canais-de-prestacao>
                <default>
                    <canal-de-prestacao tipo="presencial">
                        <descricao>Serviço prestado apenas no âmbito das Superintendências e Gerências Regionais do Trabalho e Emprego. O horário de prestação desse serviço varia de acordo com o funcionamento de cada regional.</descricao>
                    </canal-de-prestacao>
                </default>
            </canais-de-prestacao>
        </etapa>
    </etapas>
    <orgao id="http://estruturaorganizacional.dados.gov.br/id/unidade-organizacional/2844"/>
    <segmentos-da-sociedade>
        <item>Cidadãos</item>
        <item>Empresas</item>
    </segmentos-da-sociedade>
    <areas-de-interesse>
        <item>Trabalho</item>
    </areas-de-interesse>
    <palavras-chave/>
    <legislacoes/>
</servico>
