<?xml version="1.0" encoding="UTF-8" standalone="no"?>
<servico xmlns="http://servicos.gov.br/v3/schema" xmlns:xsi="http://www.w3.org/2001/XMLSchema-instance" xsi:schemaLocation="http://servicos.gov.br/v3/schema ../servico.xsd">
    <nome>Porte de Arma de Fogo</nome>
    <sigla/>
    <nomes-populares/>
    <descricao>É o documento, com validade de até 5 anos, que autoriza o cidadão a portar, transportar e trazer consigo uma arma de fogo, de forma discreta, fora das dependências de sua residência ou local de trabalho.

IMPORTANTE

1. O art. 6o. da Lei 10.826/03 dispõe que o porte de arma de fogo é proibido em todo o território nacional, salvo em casos excepcionais. Portanto, excepcionalmente a Polícia Federal poderá conceder porte de arma de fogo desde que o requerente demonstre a sua efetiva necessidade por exercício de atividade profissional de risco ou de ameaça à sua integridade física, além de atender as demais exigências do art. 10 da Lei 10.826/03.

2. O porte de arma de fogo tem natureza jurídica de autorização, sendo unilateral, precário e discricionário. Assim, não basta a apresentação dos documentos previstos em lei se o requerente não demonstrar sua necessidade por exercício de atividade profissional de risco ou de ameaça à sua integridade física.

3. O comprovante de capacidade técnica (Instrutores de Armamento e Tiro) e de aptidão psicológica (Psicólogos) para o manuseio de arma de fogo deve ser fornecido por profissional credenciado pela Policia Federal.

4. A taxa de expedição de Porte Federal de Arma de Fogo somente deverá ser paga após o deferimento da autorização pela Polícia Federal.

5. A autorização de porte de arma de fogo perderá automaticamente sua eficácia caso o portador dela seja detido ou abordado em estado de embriaguez ou sob efeito de substâncias químicas ou alucinógenas.

6. O titular de porte de arma de fogo para defesa pessoal não poderá conduzi-la ostensivamente ou com ela adentrar ou permanecer em locais públicos, tais como igrejas, escolas, estádios desportivos, clubes, agências bancárias ou outros locais onde haja aglomeração de pessoas em virtude de eventos de qualquer natureza.

7. O Porte de Arma de Fogo é pessoal, intransferível e revogável a qualquer tempo, sendo válido apenas com relação à arma nele especificada e com a apresentação do documento de identificação do portador.

* [Localização das unidades](http://www.dpf.gov.br/institucional/pf-pelo-brasil/): Endereços de todas as unidades da Polícia Federal no Brasil

* [Formulários](http://www.dpf.gov.br/servicos/armas/form-sinarm): Formulário de Requerimento Sinarm

* [Outros](http://www.dpf.gov.br/servicos/armas/anexos/certidoes-criminais-negativas): Forma de obtenção das certidões criminais negativas em cada localidade

* [Mais informações](http://www.planalto.gov.br/ccivil_03/leis/2003/l10.826.htm): Lei 10.826/03

* [Serviços relacionados](http://www.dpf.gov.br/servicos/armas/comunicacao-de-ocorrencias): Comunicação de ocorrências envolvendo Arma de Fogo

* [Mais informações](http://www.dpf.gov.br/servicos/armas/): Sobre Armas de Fogo</descricao>
    <gratuito/>
    <solicitantes/>
    <tempo-total-estimado>
        <descricao/>
    </tempo-total-estimado>
    <etapas>
        <etapa>
            <titulo/>
            <descricao/>
            <documentos>
                <default/>
            </documentos>
            <custos>
                <default/>
            </custos>
            <canais-de-prestacao>
                <default>
                    <canal-de-prestacao tipo="presencial">
                        <descricao>Em qualquer unidade da Polícia Federal no país (vide "Localização das unidades")</descricao>
                    </canal-de-prestacao>
                </default>
            </canais-de-prestacao>
        </etapa>
    </etapas>
    <orgao id="http://estruturaorganizacional.dados.gov.br/id/unidade-organizacional/316"/>
    <segmentos-da-sociedade>
        <item>Cidadãos</item>
    </segmentos-da-sociedade>
    <areas-de-interesse>
        <item>Segurança e Ordem Pública</item>
    </areas-de-interesse>
    <palavras-chave/>
    <legislacoes/>
</servico>
