<?xml version="1.0" encoding="UTF-8" standalone="no"?>
<servico xmlns="http://servicos.gov.br/v3/schema" xmlns:xsi="http://www.w3.org/2001/XMLSchema-instance" xsi:schemaLocation="http://servicos.gov.br/v3/schema ../servico.xsd">
    <nome>Portal do Professor</nome>
    <sigla/>
    <nomes-populares/>
    <descricao>O Portal do Professor, acessível on-line desde 2008, em parceria com o Ministério da Ciência, Tecnologia e Inovação, apoia os processos de formação dos professores brasileiros e ajuda a enriquecer a prática pedagógica. No portal, os profissionais da educação podem produzir e compartilhar sugestões de aulas; buscar informações diversas sobre a prática educacional; baixar coleções de recursos multimídia; obter informações sobre cursos e material de estudos; interagir e colaborar com outros professores.</descricao>
    <gratuito/>
    <solicitantes/>
    <tempo-total-estimado>
        <descricao/>
    </tempo-total-estimado>
    <etapas>
        <etapa>
            <titulo/>
            <descricao/>
            <documentos>
                <default/>
            </documentos>
            <custos>
                <default/>
            </custos>
            <canais-de-prestacao>
                <default>
                    <canal-de-prestacao tipo="web">
                        <descricao>http://portaldoprofessor.mec.gov.br/sobre.html</descricao>
                    </canal-de-prestacao>
                </default>
            </canais-de-prestacao>
        </etapa>
    </etapas>
    <orgao id="http://estruturaorganizacional.dados.gov.br/id/unidade-organizacional/244"/>
    <segmentos-da-sociedade/>
    <areas-de-interesse>
        <item>Educação</item>
    </areas-de-interesse>
    <palavras-chave/>
    <legislacoes/>
</servico>
