<?xml version="1.0" encoding="UTF-8" standalone="no"?>
<servico xmlns="http://servicos.gov.br/v3/schema" xmlns:xsi="http://www.w3.org/2001/XMLSchema-instance" xsi:schemaLocation="http://servicos.gov.br/v3/schema ../servico.xsd">
    <nome>Previsão do tempo</nome>
    <sigla>PT</sigla>
    <nomes-populares>
        <item>Tempo agora</item>
        <item>Chove hoje</item>
        <item>Clima</item>
    </nomes-populares>
    <descricao>Previsão do Tempo para seu Município.</descricao>
    <gratuito>true</gratuito>
    <solicitantes>
        <solicitante>
            <tipo>Solicitante 01</tipo>
            <requisitos>Requisitos necessários para o solicitante 1</requisitos>
        </solicitante>
        <solicitante>
            <tipo>Solicitante 02</tipo>
            <requisitos>Requisitos necessários para o solicitante 2</requisitos>
        </solicitante>
        <solicitante>
            <tipo>Solicitante 03</tipo>
            <requisitos>Requisitos necessários para o solicitante 3</requisitos>
        </solicitante>
    </solicitantes>
    <tempo-total-estimado>
        <ate max="1" unidade="horas"/>
        <descricao>Comentários sobre exceções ou informações adicionais ao tempo estimado</descricao>
    </tempo-total-estimado>
    <etapas>
        <etapa>
            <titulo>Título da etapa 1</titulo>
            <descricao>Descrição da etapa 1</descricao>
            <documentos>
                <default>
                    <item>Documentação necessária para a etapa 1</item>
                    <item>Documentação necessária para a etapa 2</item>
                    <item>Documentação necessária para a etapa 3</item>
                </default>
            </documentos>
            <custos>
                <default/>
            </custos>
            <canais-de-prestacao>
                <default>
                    <canal-de-prestacao tipo="web">
                        <descricao>http://www.inmet.gov.br/portal/</descricao>
                    </canal-de-prestacao>
                    <canal-de-prestacao tipo="aplicativo-movel">
                        <descricao>Android</descricao>
                    </canal-de-prestacao>
                    <canal-de-prestacao tipo="presencial">
                        <descricao>Rua Avenida dos esporte, lote 1023</descricao>
                    </canal-de-prestacao>
                </default>
            </canais-de-prestacao>
        </etapa>
        <etapa>
            <titulo>Título da etapa 2</titulo>
            <descricao>Descrição da etapa 2</descricao>
            <documentos>
                <default>
                    <item>Documentação necessária para a etapa 2.1</item>
                    <item>Documentação necessária para a etapa 2.2</item>
                    <item>Documentação necessária para a etapa 2.3</item>
                </default>
                <caso descricao="Caso 1: nome do caso">
                    <item>Documentação para este caso 1.1</item>
                    <item>Documentação para este caso 1.2</item>
                    <item>Documentação para este caso 1.3</item>
                </caso>
                <caso descricao="Caso 2: nome do caso">
                    <item>Documentação para este caso  2.1</item>
                    <item>Documentação para este caso  2.2</item>
                    <item>Documentação para este caso  2.3</item>
                </caso>
            </documentos>
            <custos>
                <default/>
            </custos>
            <canais-de-prestacao>
                <default>
                    <canal-de-prestacao tipo="e-mail">
                        <descricao>E-mail</descricao>
                    </canal-de-prestacao>
                </default>
            </canais-de-prestacao>
        </etapa>
    </etapas>
    <orgao id="http://estruturaorganizacional.dados.gov.br/id/unidade-organizacional/14"/>
    <segmentos-da-sociedade>
        <item>Cidadãos</item>
    </segmentos-da-sociedade>
    <areas-de-interesse>
        <item>Abastecimento</item>
        <item>Meio ambiente</item>
        <item>Agropecuária</item>
        <item>Águas</item>
        <item>Administração</item>
        <item>Água</item>
    </areas-de-interesse>
    <palavras-chave>
        <item>Palavras-Chave 01</item>
        <item>Palavras-Chave 02</item>
        <item>Palavras-Chave 03</item>
    </palavras-chave>
    <legislacoes>
        <item>www.planalto.gov.br</item>
        <item>www.planalto.gov.br/leis</item>
    </legislacoes>
</servico>
