<?xml version="1.0" encoding="UTF-8" standalone="no"?>
<servico xmlns="http://servicos.gov.br/v3/schema" xmlns:xsi="http://www.w3.org/2001/XMLSchema-instance" xsi:schemaLocation="http://servicos.gov.br/v3/schema ../servico.xsd">
    <nome>Programa de Aquisição de Alimentos da agricultura familiar - PAA</nome>
    <sigla/>
    <nomes-populares/>
    <descricao>O Programa de Aquisição de Alimentos (PAA) é uma ação do Governo Federal que compra alimentos da agricultura familiar e distribui a pessoas que precisam - aquelas que se encontram em situação de insegurança alimentar e nutricional e são atendidas pela rede socioassistencial. Os alimentos também servem para abastecer os restaurantes populares, cozinhas de creches e escolas públicas, de hospitais públicos e presídios - os chamados equipamentos públicos de alimentação e nutrição. Os produtos também podem formar estoques públicos ou estoques das organizações da agricultura familiar.

Os agricultores familiares podem vender para o PAA de forma individual ou coletiva - por meio de cooperativas da agricultura familiar de que façam parte. As compras são realizadas pelos Governos Estaduais e Prefeituras Municipais que participam do programa, e pela Companhia Nacional de Abastecimento (CONAB), com recursos do Ministério do Desenvolvimento Social e Combate à Fome (MDS) e do Ministério do Desenvolvimento Agrário (MDA).

* [Mais informações](http://www.mds.gov.br/segurancaalimentar/aquisicao-e-comercializacao-da-agricultura-familiar): Para saber mais sobre o PAA</descricao>
    <gratuito/>
    <solicitantes/>
    <tempo-total-estimado>
        <descricao/>
    </tempo-total-estimado>
    <etapas>
        <etapa>
            <titulo/>
            <descricao/>
            <documentos>
                <default/>
            </documentos>
            <custos>
                <default/>
            </custos>
            <canais-de-prestacao>
                <default>
                    <canal-de-prestacao tipo="presencial">
                        <descricao>Na Prefeitura ou na CONAB do município.</descricao>
                    </canal-de-prestacao>
                </default>
            </canais-de-prestacao>
        </etapa>
    </etapas>
    <orgao id="http://estruturaorganizacional.dados.gov.br/id/unidade-organizacional/1945"/>
    <segmentos-da-sociedade>
        <item>Cidadãos</item>
    </segmentos-da-sociedade>
    <areas-de-interesse>
        <item>Previdência Social</item>
        <item>Agropecuária</item>
    </areas-de-interesse>
    <palavras-chave/>
    <legislacoes/>
</servico>
