<?xml version="1.0" encoding="UTF-8" standalone="no"?>
<servico xmlns="http://servicos.gov.br/v3/schema" xmlns:xsi="http://www.w3.org/2001/XMLSchema-instance" xsi:schemaLocation="http://servicos.gov.br/v3/schema ../servico.xsd">
    <nome>Programa de Intercâmbio e Difusão Cultural</nome>
    <sigla/>
    <nomes-populares>
        <item>Edital de intercâmbio</item>
        <item>Bolsa-estudo</item>
        <item>Apoio financeiro ao estudo</item>
    </nomes-populares>
    <descricao>Ação do Ministério da Cultura que visa a concessão de recursos financeiros a título de ajuda de custo (mediante edital) para passagens e diárias, possibilitando o envio de agentes para participar de eventos e cursos no Brasil e no exterior.

Poderão participar de apresentações e residências artísticas, atividades de formação técnica, artística ou acadêmica, intercâmbios e estágios de até 12 meses, e participar de eventos de arte e negócios na área cultural.</descricao>
    <gratuito>true</gratuito>
    <solicitantes>
        <solicitante>
            <tipo>Pessoas físicas brasileiras natas ou naturalizadas</tipo>
            <requisitos/>
        </solicitante>
        <solicitante>
            <tipo>Grupos não constituídos juridicamente</tipo>
            <requisitos>Deve possuir integrantes brasileiros natos ou naturalizados.</requisitos>
        </solicitante>
    </solicitantes>
    <tempo-total-estimado>
        <descricao/>
    </tempo-total-estimado>
    <etapas>
        <etapa>
            <titulo>Cadastrar-se no sistema SALIC</titulo>
            <descricao>Caso ainda não possua uma conta no Sistema de Apoio às Leis de Incentivo à Cultura - SALIC, o candidato interessado deverá se cadastrar no mesmo, para obter acesso aos editais disponíveis.</descricao>
            <documentos>
                <default>
                    <item>CPF</item>
                    <item>Nome Completo</item>
                    <item>Data de Nascimento</item>
                    <item>E-mail</item>
                </default>
            </documentos>
            <custos>
                <default/>
            </custos>
            <canais-de-prestacao>
                <default>
                    <canal-de-prestacao tipo="web-inscrever-se">
                        <descricao>http://novosalic.cultura.gov.br/login/cadastrarusuario</descricao>
                    </canal-de-prestacao>
                </default>
            </canais-de-prestacao>
        </etapa>
        <etapa>
            <titulo>Encontrar proposta no SALIC</titulo>
            <descricao>O candidato interessado deve listar as propostas disponíveis no SALIC, e ...</descricao>
            <documentos>
                <default/>
            </documentos>
            <custos>
                <default/>
            </custos>
            <canais-de-prestacao>
                <default>
                    <canal-de-prestacao tipo="web-consultar">
                        <descricao>http://novosalic.cultura.gov.br/manterpropostaincentivofiscal/listarproposta</descricao>
                    </canal-de-prestacao>
                    <canal-de-prestacao tipo="telefone">
                        <descricao>Coordenação Geral de Projetos Apoiados pelo Fundo Nacional da Cultura: (61) 2024-2170</descricao>
                    </canal-de-prestacao>
                </default>
            </canais-de-prestacao>
        </etapa>
    </etapas>
    <orgao id="http://estruturaorganizacional.dados.gov.br/id/unidade-organizacional/40127"/>
    <segmentos-da-sociedade>
        <item>Cidadãos</item>
    </segmentos-da-sociedade>
    <areas-de-interesse>
        <item>Educação</item>
        <item>Cultura</item>
    </areas-de-interesse>
    <palavras-chave>
        <item>Intercâmbio</item>
        <item>Bolsa</item>
        <item>Estudo</item>
        <item>SALIC</item>
        <item>Edital</item>
    </palavras-chave>
    <legislacoes/>
</servico>
