<?xml version="1.0" encoding="UTF-8" standalone="no"?>
<servico xmlns="http://servicos.gov.br/v3/schema" xmlns:xsi="http://www.w3.org/2001/XMLSchema-instance" xsi:schemaLocation="http://servicos.gov.br/v3/schema ../servico.xsd">
    <nome>Programa Cisternas</nome>
    <sigla/>
    <nomes-populares/>
    <descricao>O Programa Cisternas garante o acesso à água potável para famílias de baixa renda que moram em áreas rurais onde não há abastecimento regular por rede de água, especialmente as que vivem no Semiárido. Construídas com placas de cimento, as cisternas têm capacidade para armazenar 16 mil litros de água, suficientes para atender a uma família de 5 pessoas por até 8 meses.

O Programa Cisternas também leva às famílias de agricultores tecnologias de abastecimento de água para produção agrícola, com sistemas simples e de baixo custo.

Para ser atendida pelo Programa Cisternas, a família deve estar inscrita no Cadastro Único para Programas Sociais do Governo Federal. Se você obedece aos requisitos do programa, procure uma liderança de sua comunidade para saber como ser atendida.

* [Mais informações](http://www.mds.gov.br/segurancaalimentar/programa-cisternas): Para saber mais sobre o Programa Cisternas.</descricao>
    <gratuito/>
    <solicitantes/>
    <tempo-total-estimado>
        <descricao/>
    </tempo-total-estimado>
    <etapas>
        <etapa>
            <titulo/>
            <descricao/>
            <documentos>
                <default/>
            </documentos>
            <custos>
                <default/>
            </custos>
            <canais-de-prestacao>
                <default>
                    <canal-de-prestacao tipo="presencial">
                        <descricao>Procure a Prefeitura de seu Município</descricao>
                    </canal-de-prestacao>
                </default>
            </canais-de-prestacao>
        </etapa>
    </etapas>
    <orgao id="http://estruturaorganizacional.dados.gov.br/id/unidade-organizacional/1945"/>
    <segmentos-da-sociedade>
        <item>Cidadãos</item>
    </segmentos-da-sociedade>
    <areas-de-interesse>
        <item>Agropecuária</item>
    </areas-de-interesse>
    <palavras-chave/>
    <legislacoes/>
</servico>
