<?xml version="1.0" encoding="UTF-8" standalone="no"?>
<servico xmlns="http://servicos.gov.br/v3/schema" xmlns:xsi="http://www.w3.org/2001/XMLSchema-instance" xsi:schemaLocation="http://servicos.gov.br/v3/schema ../servico.xsd">
    <nome>Programa Nacional de Fortalecimento da Agricultura Familiar - PRONAF</nome>
    <sigla/>
    <nomes-populares/>
    <descricao>O PRONAF financia o custeio da safra ou atividade agroindustrial, o investimento em máquinas, equipamentos ou infraestrutura de produção e serviços agropecuários ou não agropecuários de projetos individuais ou coletivos que gerem renda aos agricultores familiares e assentados da reforma agrária. As famílias interessadas devem procurar o sindicato rural ou a empresa de Assistência Técnica e Extensão Rural (Ater), como a Emater, para obtenção da Declaração de Aptidão ao Pronaf (DAP), que será emitida segundo a renda anual e as atividades exploradas, direcionando o agricultor para as linhas específicas de crédito a que tem direito. Para os beneficiários da reforma agrária e do crédito fundiário, o agricultor deve procurar o Instituto Nacional de Colonização e Reforma Agrária (Incra) ou a Unidade Técnica Estadual (UTE).

Linhas de Crédito:

Pronaf Custeio
Pronaf Mais Alimentos - Investimento
Pronaf Agroindústria
Pronaf Agroecologia
Pronaf Eco
Pronaf Floresta
Pronaf Semiárido
Pronaf Mulher
Pronaf Jovem
Pronaf Custeio e Comercialização de Agroindústrias Familiares
Pronaf Cota-Parte
Microcrédito Rural

* [Outros](http://www.mda.gov.br/sitemda/sites/sitemda/files/user_img_21/Plano_Safra_da_Agricultura_Familiar_2014_2015_0.pdf): condições das linhas de crédito para a safra 2014/2015

* [Mais informações](http://www.mda.gov.br/sitemda/secretaria/saf-creditorural/legislação): Legislação relacionada

* [Mais informações](http://www.mda.gov.br/sitemda/secretaria/saf-creditorural/arquivos-técnicos-do-plano-safra): Arquivos Técnicos do Plano Safra 2014-2015

* [Mais informações](http://www.mda.gov.br/sitemda/secretaria/saf-creditorural/sobre-o-programa): Saiba mais sobre o PRONAF</descricao>
    <gratuito/>
    <solicitantes/>
    <tempo-total-estimado>
        <descricao/>
    </tempo-total-estimado>
    <etapas>
        <etapa>
            <titulo/>
            <descricao/>
            <documentos>
                <default/>
            </documentos>
            <custos>
                <default/>
            </custos>
            <canais-de-prestacao>
                <default>
                    <canal-de-prestacao tipo="presencial">
                        <descricao>Sindicato Rural da Região ou Empresa de Assistência Técnica e Extensão Rural (ATER) Para beneficiários da Reforma Agrária ou Crédito Fundiário - INCRA (Instituto Nacional de Colonização e Reforma Agrária ou Unidade Técnica Estadual (UTE)</descricao>
                    </canal-de-prestacao>
                    <canal-de-prestacao tipo="presencial">
                        <descricao>O projeto deve ser encaminhado para análise de crédito e aprovação do agente financeiro local(bancos)</descricao>
                    </canal-de-prestacao>
                </default>
            </canais-de-prestacao>
        </etapa>
    </etapas>
    <orgao id="http://estruturaorganizacional.dados.gov.br/id/unidade-organizacional/17125"/>
    <segmentos-da-sociedade/>
    <areas-de-interesse/>
    <palavras-chave/>
    <legislacoes/>
</servico>
