<?xml version="1.0" encoding="UTF-8" standalone="no"?>
<servico xmlns="http://servicos.gov.br/v3/schema" xmlns:xsi="http://www.w3.org/2001/XMLSchema-instance" xsi:schemaLocation="http://servicos.gov.br/v3/schema ../servico.xsd">
    <nome>Programa de Financiamento Estudantil (Fies)</nome>
    <sigla/>
    <nomes-populares/>
    <descricao>O Fundo de Financiamento Estudantil (Fies) custeia a graduação de estudantes matriculados em instituições não gratuitas de educação superior.

Podem recorrer ao financiamento alunos de cursos que tenham avaliação positiva nos processos de aferição do Ministério da Educação. São financiados de 50% a 100% dos encargos educacionais, de acordo com a renda familiar mensal bruta do estudante — no máximo, 20 salários mínimos — e do comprometimento dessa renda com os custos da mensalidade.

* [Serviços relacionados](http://sisfiesportal.mec.gov.br/): Site do SisFIES

* [Outros](http://sisfiesportal.mec.gov.br/arquivos/documentacao_cpsa2.pdf): Documentação a ser apresentada pelo estudante (Arquivo pdf - 170K)

* [Mais informações](http://sisfiesportal.mec.gov.br/faq.html): Perguntas frequentes sobre o Fies

* [Dúvidas e informações sobre o FIES](undefined): Central de Atendimento – 0800 616161</descricao>
    <gratuito/>
    <solicitantes/>
    <tempo-total-estimado>
        <descricao/>
    </tempo-total-estimado>
    <etapas>
        <etapa>
            <titulo/>
            <descricao/>
            <documentos>
                <default/>
            </documentos>
            <custos>
                <default/>
            </custos>
            <canais-de-prestacao>
                <default>
                    <canal-de-prestacao tipo="web">
                        <descricao>http://sisfiesportal.mec.gov.br/fies.html</descricao>
                    </canal-de-prestacao>
                </default>
            </canais-de-prestacao>
        </etapa>
    </etapas>
    <orgao id="http://estruturaorganizacional.dados.gov.br/id/unidade-organizacional/244"/>
    <segmentos-da-sociedade/>
    <areas-de-interesse>
        <item>Educação</item>
    </areas-de-interesse>
    <palavras-chave/>
    <legislacoes/>
</servico>
