<?xml version="1.0" encoding="UTF-8" standalone="no"?>
<servico xmlns="http://servicos.gov.br/v3/schema" xmlns:xsi="http://www.w3.org/2001/XMLSchema-instance" xsi:schemaLocation="http://servicos.gov.br/v3/schema ../servico.xsd">
    <nome>Programa Bolsa Família - PBF</nome>
    <sigla/>
    <nomes-populares/>
    <descricao>O Bolsa Família é um programa que transfere renda diretamente para as famílias pobres como forma de garantir o direito à alimentação adequada, à educação e à saúde. As famílias extremamente pobres recebem um valor necessário para que cada membro da família ganhe no mínimo R$ 70,00. Ou seja, somado o valor do Bolsa Família e a renda desta família fica garantida uma renda por pessoa superior a R$ 70,00.

Para as famílias pobres que recebem entre R$ 70,01 e R$ 140,00 o Bolsa Família repassa uma bolsa para cada criança, jovem, gestante ou nutriz. Para continuar a receber o benefício do Bolsa, a família deve manter as crianças e adolescentes na escola, assim como manter em dia o calendário de vacinação dos filhos de até 7 (sete) anos. As mulheres grávidas precisam fazer as consultas do pré-natal e as mães que estão amamentando (nutrizes) devem continuar o acompanhamento da sua saúde e da saúde do bebê.

Para receber o Bolsa Família tem que se inscrever no Cadastro Único e quem recebe tem que atualizar suas informações no Cadastro Único a cada dois anos ou sempre que houver alguma mudança na situação da família. O Bolsa Família é repassado através de cartão magnético preferencialmente para as mães.

* [Localização das unidades](http://aplicacoes.mds.gov.br/sagi/FerramentasSAGI/Mops/): Neste site você pode localizar o CRAS mais perto de sua residência. Esses dados podem ser
                localizados no mapa, basta escolher o seu Estado e o seu Município.</descricao>
    <gratuito/>
    <solicitantes/>
    <tempo-total-estimado>
        <descricao/>
    </tempo-total-estimado>
    <etapas>
        <etapa>
            <titulo/>
            <descricao/>
            <documentos>
                <default/>
            </documentos>
            <custos>
                <default/>
            </custos>
            <canais-de-prestacao>
                <default>
                    <canal-de-prestacao tipo="presencial">
                        <descricao>É preciso se inscrever no Cadastro Único, para isso procure um Centro de Referência da Assistência Social - CRAS ou a Prefeitura do seu Município.</descricao>
                    </canal-de-prestacao>
                </default>
            </canais-de-prestacao>
        </etapa>
    </etapas>
    <orgao id="http://estruturaorganizacional.dados.gov.br/id/unidade-organizacional/1945"/>
    <segmentos-da-sociedade>
        <item>Cidadãos</item>
    </segmentos-da-sociedade>
    <areas-de-interesse>
        <item>Previdência Social</item>
    </areas-de-interesse>
    <palavras-chave/>
    <legislacoes/>
</servico>
