<?xml version="1.0" encoding="UTF-8" standalone="no"?>
<servico xmlns="http://servicos.gov.br/v3/schema" xmlns:xsi="http://www.w3.org/2001/XMLSchema-instance" xsi:schemaLocation="http://servicos.gov.br/v3/schema ../servico.xsd">
    <nome>Pronatec — Programa Nacional de Acesso ao Ensino Profissional e Emprego</nome>
    <sigla/>
    <nomes-populares/>
    <descricao>O Programa Nacional de Acesso ao Ensino Técnico e Emprego (Pronatec), foi criado em 2011 para expandir, interiorizar e democratizar a oferta de cursos de educação profissional técnica de nível médio e de cursos de formação inicial e continuada, de qualificação profissional presencial e a distância. Outro propósito é o de construir, reformar e ampliar escolas que ofertem educação profissional e tecnológica nas redes estaduais, além de ampliar os recursos pedagógicos e melhorar a qualidade do ensino médio.
        
O Pronatec envolve um conjunto de iniciativas, como a expansão da Rede Federal de Educação Profissional, Científica e Tecnológica, o Programa Brasil Profissionalizado, a Rede e-Tec Brasil, o acordo de gratuidade com os serviços nacionais de aprendizagem do Sistema S, o Fies Técnico e o Fies Empresa e a Bolsa-Formação.</descricao>
    <gratuito/>
    <solicitantes/>
    <tempo-total-estimado>
        <descricao/>
    </tempo-total-estimado>
    <etapas>
        <etapa>
            <titulo/>
            <descricao/>
            <documentos>
                <default/>
            </documentos>
            <custos>
                <default/>
            </custos>
            <canais-de-prestacao>
                <default>
                    <canal-de-prestacao tipo="web">
                        <descricao>http://pronatec.mec.gov.br/index.php</descricao>
                    </canal-de-prestacao>
                </default>
            </canais-de-prestacao>
        </etapa>
    </etapas>
    <orgao id="http://estruturaorganizacional.dados.gov.br/id/unidade-organizacional/244"/>
    <segmentos-da-sociedade/>
    <areas-de-interesse>
        <item>Educação</item>
    </areas-de-interesse>
    <palavras-chave/>
    <legislacoes/>
</servico>
