<?xml version="1.0" encoding="UTF-8" standalone="no"?>
<servico xmlns="http://servicos.gov.br/v3/schema" xmlns:xsi="http://www.w3.org/2001/XMLSchema-instance" xsi:schemaLocation="http://servicos.gov.br/v3/schema ../servico.xsd">
    <nome>ProUni — Programa Universidade para Todos</nome>
    <sigla/>
    <nomes-populares/>
    <descricao>O Programa Universidade para Todos (ProUni), criado em 2004, oferece bolsas de estudos em instituições particulares de educação superior a estudantes egressos do ensino médio da rede pública. Também são atendidos bolsistas integrais oriundos da rede particular. Para a bolsa integral, o candidato precisa comprovar renda bruta familiar, por pessoa, de até 1,5 salário mínimo. Para a bolsa parcial, de até três salários mínimos. Estão dispensados dos requisitos de renda os professores em efetivo exercício do magistério da educação básica, integrantes de quadro de pessoal permanente de instituição pública. Eles concorrem exclusivamente a bolsas para cursos de licenciatura.</descricao>
    <gratuito/>
    <solicitantes/>
    <tempo-total-estimado>
        <descricao/>
    </tempo-total-estimado>
    <etapas>
        <etapa>
            <titulo/>
            <descricao/>
            <documentos>
                <default/>
            </documentos>
            <custos>
                <default/>
            </custos>
            <canais-de-prestacao>
                <default>
                    <canal-de-prestacao tipo="web">
                        <descricao>http://siteprouni.mec.gov.br/</descricao>
                    </canal-de-prestacao>
                </default>
            </canais-de-prestacao>
        </etapa>
    </etapas>
    <orgao id="http://estruturaorganizacional.dados.gov.br/id/unidade-organizacional/244"/>
    <segmentos-da-sociedade/>
    <areas-de-interesse>
        <item>Educação</item>
    </areas-de-interesse>
    <palavras-chave/>
    <legislacoes/>
</servico>
