<?xml version="1.0" encoding="UTF-8" standalone="no"?>
<servico xmlns="http://servicos.gov.br/v3/schema" xmlns:xsi="http://www.w3.org/2001/XMLSchema-instance" xsi:schemaLocation="http://servicos.gov.br/v3/schema ../servico.xsd">
    <nome>Qualificação como Organização da Sociedade Civil de Interesse Público - OSCIP</nome>
    <sigla/>
    <nomes-populares/>
    <descricao>Qualificar entidade sem finalidade lucrativa de natureza privada como OSCIP - Organização da Sociedade Civil de Interesse Público -, a fim de que possa celebrar termos de parceria com Órgãos Públicos. Para requerer a qualificação como Oscip, a entidade interessada deverá atender aos requisitos da Lei nº 9.790/99, regulamentada pelo Decreto nº 3.100/99.

* [Formulários](http://portal.mj.gov.br/main.asp?ViewID=%7B0FA9C8DB-721B-4B8C-998E-0956ED31CC15%7D&amp;params=itemID=%7BB54EE78E-2719-4872-96BC-F45864F4789D%7D;&amp;UIPartUID=%7B2868BA3C-1C72-4347-BE11-A26F70F4CB26%7D): Requerimento de qualificação como Oscip

* [Outros](undefined): Informações adicionais podem ser obtidas enviando e-mail para: sac.dejus@mj.gov.br

* [Mais informações](http://portal.mj.gov.br/main.asp?ViewID=%7B3FAC4E0B-D58A-4F3E-A10D-0E5E8DD20F0B%7D&amp;params=itemID=%7BBDBD4F11-1B03-4D5F-B977-3587EABA3D8C%7D;&amp;UIPartUID=%7BE0EA6E2F-2D28-4749-9852-31405415DD85%7D): Mais informações sobre Oscip

* [Serviços relacionados](http://portal.mj.gov.br/main.asp?ViewID=%7B0FA9C8DB-721B-4B8C-998E-0956ED31CC15%7D&amp;params=itemID=%7BE0BCB314-2118-4407-BADA-442DFB11BDDC%7D;&amp;UIPartUID=%7B2868BA3C-1C72-4347-BE11-A26F70F4CB26%7D): Conheça as entidades qualificadas como Oscip em sua cidade

* [Mais informações](http://www.planalto.gov.br/ccivil_03/Leis/L9790.htm): Lei nº 9.790/1999

* [Mais informações](http://www.planalto.gov.br/ccivil_03/decreto/D3100.htm): Decreto nº 3.100/99</descricao>
    <gratuito/>
    <solicitantes/>
    <tempo-total-estimado>
        <descricao/>
    </tempo-total-estimado>
    <etapas>
        <etapa>
            <titulo/>
            <descricao/>
            <documentos>
                <default/>
            </documentos>
            <custos>
                <default/>
            </custos>
            <canais-de-prestacao>
                <default>
                    <canal-de-prestacao tipo="postal">
                        <descricao>A documentação, com o Requerimento de qualificação de Oscip, deve ser encaminhada ao endereço: Secretaria Nacional de Justiça. Esplanada dos Ministérios, bloco T, Ed. Anexo II – 3º Andar – Sala 326. CEP: 70.064-900. Brasília/DF.</descricao>
                    </canal-de-prestacao>
                </default>
            </canais-de-prestacao>
        </etapa>
    </etapas>
    <orgao id="http://estruturaorganizacional.dados.gov.br/id/unidade-organizacional/316"/>
    <segmentos-da-sociedade>
        <item>Empresas</item>
    </segmentos-da-sociedade>
    <areas-de-interesse>
        <item>Proteção social</item>
    </areas-de-interesse>
    <palavras-chave/>
    <legislacoes/>
</servico>
