<?xml version="1.0" encoding="UTF-8" standalone="no"?>
<servico xmlns="http://servicos.gov.br/v3/schema" xmlns:xsi="http://www.w3.org/2001/XMLSchema-instance" xsi:schemaLocation="http://servicos.gov.br/v3/schema ../servico.xsd">
    <nome>Ranking do Valor Efetivo Total - VET - das operações de câmbio</nome>
    <sigla/>
    <nomes-populares/>
    <descricao>Mostra o custo de uma operação de câmbio em reais por moeda estrangeira em cada instituição autorizada a operar câmbio pelo Banco Central, como bancos e corretoras.

Ideal para quem comprar ou vender moeda estrangeira, como dólares ou euros, pois mostra as instituições onde essas transações tendem a ser mais vantajosas para o cidadão. Basta inserir os dados da operação desejada e fazer a simulação.

O Valor Efetivo Total - VET - engloba a taxa de câmbio, as tarifas e os tributos incidentes sobre a operação.</descricao>
    <gratuito/>
    <solicitantes/>
    <tempo-total-estimado>
        <descricao/>
    </tempo-total-estimado>
    <etapas>
        <etapa>
            <titulo/>
            <descricao/>
            <documentos>
                <default/>
            </documentos>
            <custos>
                <default/>
            </custos>
            <canais-de-prestacao>
                <default>
                    <canal-de-prestacao tipo="web">
                        <descricao>https://www3.bcb.gov.br/rex/vet/index.asp</descricao>
                    </canal-de-prestacao>
                </default>
            </canais-de-prestacao>
        </etapa>
    </etapas>
    <orgao id="http://estruturaorganizacional.dados.gov.br/id/unidade-organizacional/89"/>
    <segmentos-da-sociedade>
        <item>Cidadãos</item>
    </segmentos-da-sociedade>
    <areas-de-interesse>
        <item>Economia e Finanças</item>
    </areas-de-interesse>
    <palavras-chave/>
    <legislacoes/>
</servico>
