<?xml version="1.0" encoding="UTF-8" standalone="no"?>
<servico xmlns="http://servicos.gov.br/v3/schema" xmlns:xsi="http://www.w3.org/2001/XMLSchema-instance" xsi:schemaLocation="http://servicos.gov.br/v3/schema ../servico.xsd">
    <nome>Recuperar Recibo – Regime Especial de Apuração e Pagamento da Contribuição para o PIS/Pasep e Cofins
        incidentes sobre Combustíveis e Bebidas (RECOB)</nome>
    <sigla/>
    <nomes-populares/>
    <descricao>Aplicativo de opção pelo Regime Especial de Apuração e Pagamento da Contribuição para o PIS/Pasep e Cofins incidentes sobre Combustíveis e Bebidas (Recob), de que tratam o art. 52 da Lei nº10.833, de 2003, o art. 23 da Lei nº 10.865, de 2004, e o art. 4º da Lei nº 11.116, de 2005.</descricao>
    <gratuito/>
    <solicitantes/>
    <tempo-total-estimado>
        <descricao/>
    </tempo-total-estimado>
    <etapas>
        <etapa>
            <titulo/>
            <descricao/>
            <documentos>
                <default/>
            </documentos>
            <custos>
                <default/>
            </custos>
            <canais-de-prestacao>
                <default>
                    <canal-de-prestacao tipo="web">
                        <descricao>https://cav.receita.fazenda.gov.br/eCAC/publico/login.aspx?sistema=00010</descricao>
                    </canal-de-prestacao>
                </default>
            </canais-de-prestacao>
        </etapa>
    </etapas>
    <orgao id="http://estruturaorganizacional.dados.gov.br/id/unidade-organizacional/77"/>
    <segmentos-da-sociedade>
        <item>Empresas</item>
    </segmentos-da-sociedade>
    <areas-de-interesse>
        <item>Economia e Finanças</item>
    </areas-de-interesse>
    <palavras-chave/>
    <legislacoes/>
</servico>
