<?xml version="1.0" encoding="UTF-8" standalone="no"?>
<servico xmlns="http://servicos.gov.br/v3/schema" xmlns:xsi="http://www.w3.org/2001/XMLSchema-instance" xsi:schemaLocation="http://servicos.gov.br/v3/schema ../servico.xsd">
    <nome>Registro de Indústria Pesqueira</nome>
    <sigla/>
    <nomes-populares/>
    <descricao>Toda pessoa jurídica que exerce a atividade de captura, extração, coleta, conservação, processamento, beneficiamento ou industrialização de pescado precisa estar registrada junto ao Ministério da Pesca e Aquicultura para poder exercer a sua atividade.

* [Localização das unidades](http://www.mpa.gov.br/index.php/ministeriompa/superintendencias-federais): Endereços e contatos das Superintendências Federais de Pesca e Aquicultura
* Mais informações: As taxas recolhidas são de R$ 125,00 para microempresa e R$ 1000,00 para as demais empresas. Para
                pessoas físicas não é cobrada a taxa. Empreendimentos ou pessoas registradas como indústria de pesca
                estão dispensados do Registro de Armador de Pesca.</descricao>
    <gratuito/>
    <solicitantes/>
    <tempo-total-estimado>
        <descricao/>
    </tempo-total-estimado>
    <etapas>
        <etapa>
            <titulo/>
            <descricao/>
            <documentos>
                <default/>
            </documentos>
            <custos>
                <default/>
            </custos>
            <canais-de-prestacao>
                <default>
                    <canal-de-prestacao tipo="presencial">
                        <descricao>O empresário deve se dirigir às Superintendências Federais de Pesca e Aquicultura para preencher formulário específico e entregar documentos necessários.</descricao>
                    </canal-de-prestacao>
                </default>
            </canais-de-prestacao>
        </etapa>
    </etapas>
    <orgao id="http://estruturaorganizacional.dados.gov.br/id/unidade-organizacional/72083"/>
    <segmentos-da-sociedade>
        <item>Empresas</item>
    </segmentos-da-sociedade>
    <areas-de-interesse>
        <item>Agropecuária</item>
    </areas-de-interesse>
    <palavras-chave/>
    <legislacoes/>
</servico>
