<?xml version="1.0" encoding="UTF-8" standalone="no"?>
<servico xmlns="http://servicos.gov.br/v3/schema" xmlns:xsi="http://www.w3.org/2001/XMLSchema-instance" xsi:schemaLocation="http://servicos.gov.br/v3/schema ../servico.xsd">
    <nome>Registro e Expedição de Cédula de Identidade de Estrangeiro - CIE</nome>
    <sigla/>
    <nomes-populares/>
    <descricao>Registro e Expedição do documento necessário para o estrangeiro fixar residência, exercer atividade profissional ou estudar no País. O documento tem validade variável de acordo com a situação.

Informações importantes:

• O processo para registro, emissão/renovação da cédula de Identidade de Estrangeiro só é feito pessoalmente, na Polícia Federal mais próxima da residência do interessado.
• O estrangeiro registrado é obrigado a comunicar ao Ministério da Justiça a mudança do seu domicílio ou residência, devendo fazê-lo nos 30 (trinta) dias imediatamente seguintes à sua efetivação, conforme art. 102 da Lei 6815/80, sob pena de multa.
• Ao dirigir-se a uma unidade da Polícia Federal, leve consigo todos os seus documentos pessoais e procure sempre apresentar um comprovante de endereço. O preenchimento equivocado do formulário, notadamente do CEP, pode atrasar o seu atendimento.
• O prazo para registro é 30 dias contados a partir da data de ingresso no território nacional (Artigo 30 da Lei nº 6.815/1980);
• O estrangeiro menor de idade deverá apresentar-se acompanhado dos pais ou responsável legal;
• Os pedidos de renovação das cédulas devem ser feitos antes do vencimento do documento, sob pena de pagamento de multa.
• Estão dispensados da substituição da CIE, mesmo após o vencimento, os estrangeiros portadores de vistos permanentes, que tenham participado de recadastramento anterior e que tenham completado 60 anos até a data de vencimento da cédula ou sejam deficientes físicos.
• O estrangeiro permanente que se ausentar mais de 2 anos ininterruptos do território nacional, perde a permanência.

* [Localização das unidades](http://www.dpf.gov.br/institucional/pf-pelo-brasil/): Endereços das unidades da Polícia Federal no Brasil.

* [Mais informações](undefined): Para dúvidas: estrangeiros@dpf.gov.br

* [Formulários](https://servicos.dpf.gov.br/sincreWeb/): Formulário de requerimento de registro/emissão e renovação de CIE.

* [Outros](http://www.planalto.gov.br/ccivil_03/leis/l6815.htm): Lei 6815/80

* [Serviços relacionados](http://www.dpf.gov.br/servicos/estrangeiro): Mais serviços aos estrangeiros (renovação/susbstituição da CIE, prorrogação do prazo de estada
                etc)

* [Mais informações](http://portal.mj.gov.br/data/Pages/MJA1BC41DEITEMID1F416857A0F2452DA9BE4D921C682671PTBRIE.htm): Mais informações sobre entrada e permanência no Brasil</descricao>
    <gratuito/>
    <solicitantes/>
    <tempo-total-estimado>
        <descricao/>
    </tempo-total-estimado>
    <etapas>
        <etapa>
            <titulo/>
            <descricao/>
            <documentos>
                <default/>
            </documentos>
            <custos>
                <default/>
            </custos>
            <canais-de-prestacao>
                <default>
                    <canal-de-prestacao tipo="web-agendar">
                        <descricao>https://servicos.dpf.gov.br/sincreWeb/pesquisaAgendamento.jsp</descricao>
                    </canal-de-prestacao>
                    <canal-de-prestacao tipo="presencial">
                        <descricao>Em qualquer uma das unidades da Polícia Federal no Brasil (vide "Localização das unidades").</descricao>
                    </canal-de-prestacao>
                </default>
            </canais-de-prestacao>
        </etapa>
    </etapas>
    <orgao id="http://estruturaorganizacional.dados.gov.br/id/unidade-organizacional/316"/>
    <segmentos-da-sociedade>
        <item>Cidadãos</item>
    </segmentos-da-sociedade>
    <areas-de-interesse>
        <item>Proteção social</item>
    </areas-de-interesse>
    <palavras-chave/>
    <legislacoes/>
</servico>
