<?xml version="1.0" encoding="UTF-8" standalone="no"?>
<servico xmlns="http://servicos.gov.br/v3/schema" xmlns:xsi="http://www.w3.org/2001/XMLSchema-instance" xsi:schemaLocation="http://servicos.gov.br/v3/schema ../servico.xsd">
    <nome>Registro de arma de fogo</nome>
    <sigla/>
    <nomes-populares/>
    <descricao>Documento com validade de 3 (três) anos, que dá direito ao proprietário da arma a mantê-la exclusivamente no interior de sua residência ou local de trabalho.

IMPORTANTE:

- Caso você já possua um registro federal emitido pela Polícia Federal, acesse o serviço Renovação de Registro de Arma de Fogo.

- O certificado de Registro de Arma de Fogo, com validade em todo o território nacional, autoriza o seu proprietário a manter a arma de fogo exclusivamente no interior de sua residência ou domicílio, ou dependência desses, ou, ainda, no seu local de trabalho, desde que seja ele o titular ou o responsável legal pelo estabelecimento ou empresa.

- A emissão do certificado de registro de arma de fogo está sujeito ao pagamento de taxa no valor de R$ 60,00, conforme estabelecido no art. 11 e Anexo da Lei 10.826/03. As hipóteses de isenção do pagamento desta taxa estão previstas no art. 11, §2o. da Lei 10.826/03.

* [Formulários](http://www.dpf.gov.br/servicos/armas/form-sinarm): Formulário de Requerimento Sinarm para Registro de Arma de Fogo

* [Localização das unidades](http://www.dpf.gov.br/institucional/pf-pelo-brasil/): Endereços de todas as unidades da Polícia Federal no país

* [Outros](http://www.dpf.gov.br/servicos/gru/armas): Emissão da Guia de Recolhimento da União - GRU

* [Telefone](undefined): Mais informações: 194

* [Mais informações](http://www.planalto.gov.br/ccivil_03/leis/2003/l10.826.htm): Lei 10.826/03

* [Serviços relacionados](http://www.dpf.gov.br/servicos/armas/renovacao-de-registro-de-arma-de-fogo): Renovação de Registro de Arma de Fogo</descricao>
    <gratuito/>
    <solicitantes/>
    <tempo-total-estimado>
        <descricao/>
    </tempo-total-estimado>
    <etapas>
        <etapa>
            <titulo/>
            <descricao/>
            <documentos>
                <default/>
            </documentos>
            <custos>
                <default/>
            </custos>
            <canais-de-prestacao>
                <default>
                    <canal-de-prestacao tipo="presencial">
                        <descricao>Em qualquer unidade da Polícia Federal de sua localidade (vide "Localização das unidades")</descricao>
                    </canal-de-prestacao>
                </default>
            </canais-de-prestacao>
        </etapa>
    </etapas>
    <orgao id="http://estruturaorganizacional.dados.gov.br/id/unidade-organizacional/316"/>
    <segmentos-da-sociedade>
        <item>Cidadãos</item>
    </segmentos-da-sociedade>
    <areas-de-interesse>
        <item>Segurança e Ordem Pública</item>
    </areas-de-interesse>
    <palavras-chave/>
    <legislacoes/>
</servico>
