<?xml version="1.0" encoding="UTF-8" standalone="no"?>
<servico xmlns="http://servicos.gov.br/v3/schema" xmlns:xsi="http://www.w3.org/2001/XMLSchema-instance" xsi:schemaLocation="http://servicos.gov.br/v3/schema ../servico.xsd">
    <nome>Registro de Armador de Pesca</nome>
    <sigla/>
    <nomes-populares/>
    <descricao>Todo proprietário de uma ou mais embarcações pesqueiras, cuja arqueação bruta supere 20 toneladas, deve obter o registro junto ao Ministério da Pesca e Aquicultura. De posse do registro o armador passa a ser identificado como pescador industrial e suas atividades de contratação de pessoal passam a ser regidas pela Consolidação das Leis Trabalhistas (CLT).

* Mais informações: As taxas são de R$ 100,00 para pessoa física; R$ 125 para microempresa e R$ 270,00 para as demais empresas;
* [Localização das unidades](http://www.mpa.gov.br/index.php/ministeriompa/superintendencias-federais): Endereços e contatos das Superintendências de Pesca e Aquicultura</descricao>
    <gratuito/>
    <solicitantes/>
    <tempo-total-estimado>
        <descricao/>
    </tempo-total-estimado>
    <etapas>
        <etapa>
            <titulo/>
            <descricao/>
            <documentos>
                <default/>
            </documentos>
            <custos>
                <default/>
            </custos>
            <canais-de-prestacao>
                <default>
                    <canal-de-prestacao tipo="presencial">
                        <descricao>O armador deve comparecer na Superintendência de Pesca e Aquicultura do seu estado, preencher o requerimento específico, apresentar a documentação necessária e recolher a taxa equivalente.</descricao>
                    </canal-de-prestacao>
                </default>
            </canais-de-prestacao>
        </etapa>
    </etapas>
    <orgao id="http://estruturaorganizacional.dados.gov.br/id/unidade-organizacional/72083"/>
    <segmentos-da-sociedade>
        <item>Empresas</item>
    </segmentos-da-sociedade>
    <areas-de-interesse>
        <item>Abastecimento</item>
        <item>Alimento</item>
        <item>Agropecuária</item>
    </areas-de-interesse>
    <palavras-chave/>
    <legislacoes/>
</servico>
