<?xml version="1.0" encoding="UTF-8" standalone="no"?>
<servico xmlns="http://servicos.gov.br/v3/schema" xmlns:xsi="http://www.w3.org/2001/XMLSchema-instance" xsi:schemaLocation="http://servicos.gov.br/v3/schema ../servico.xsd">
    <nome>Registro de Pescador Profissional</nome>
    <sigla/>
    <nomes-populares/>
    <descricao>Todo o pescador profissional, ou seja, pessoa que trabalha na atividade da pesca e comercializa o produto, precisa estar licenciado pelo Ministério da Pesca e Aquicultura, de acordo com a lei 11959/2009. A partir deste licenciamento ou registro o trabalhador recebe a carteira de pescador profissional e fica livre para exercer a atividade.

* [Localização das unidades](http://www.mpa.gov.br/index.php/ministeriompa/superintendencias-federais): Endereços das Superintendências Federais de Pesca e Aquicultura</descricao>
    <gratuito/>
    <solicitantes/>
    <tempo-total-estimado>
        <descricao/>
    </tempo-total-estimado>
    <etapas>
        <etapa>
            <titulo/>
            <descricao/>
            <documentos>
                <default/>
            </documentos>
            <custos>
                <default/>
            </custos>
            <canais-de-prestacao>
                <default>
                    <canal-de-prestacao tipo="web">
                        <descricao>http://www.mpa.gov.br/index.php/monitoramento-e-controlempa/registro-geral-da-pesca-rgp</descricao>
                    </canal-de-prestacao>
                </default>
            </canais-de-prestacao>
        </etapa>
    </etapas>
    <orgao id="http://estruturaorganizacional.dados.gov.br/id/unidade-organizacional/72083"/>
    <segmentos-da-sociedade>
        <item>Cidadãos</item>
    </segmentos-da-sociedade>
    <areas-de-interesse>
        <item>Alimento</item>
        <item>Agropecuária</item>
    </areas-de-interesse>
    <palavras-chave/>
    <legislacoes/>
</servico>
